Vertex,Perlin_noise,line_width,Center_rad,Line_num,Oval_rate_x,Oval_rate_y,start_pos_h,start_pos_w,nami 1,nami 2
337.0,3.3897349477489307,0.0763774618976614,26.0,73.0,1.7609624449125756,1.4722452435761166,388.5,214.5,1.0,7.0
855.0,1.2660873220400553,0.0161556870206218,24.0,26.0,1.9214078047088017,1.4919091661858874,262.5,372.5,7.0,2.0
802.0,3.642769243035317,0.0969869779939674,31.0,52.0,1.284726126558127,1.1998976909411243,82.0,162.0,3.0,9.0
839.0,2.142909988281799,0.0146192563891457,47.0,18.0,1.1893390704418434,1.3293329912932643,497.0,497.5,0.0,6.0
998.0,3.364366842602175,0.0122888393305767,57.0,9.0,1.5694136287235405,1.3922478876792503,510.5,230.5,5.0,9.0
752.0,2.977346449851135,0.0380643329306601,58.0,80.0,1.1481161843598606,1.9335565826411976,240.0,474.0,5.0,7.0
897.0,1.5142375287802174,0.084400154122551,53.0,98.0,1.698040883308577,1.9954870958539224,98.5,165.5,10.0,4.0
448.0,2.815996807405674,0.0968268067913959,26.0,53.0,1.6489693065398756,1.4102350168666435,326.0,111.0,9.0,1.0
652.0,0.8262905971781684,0.0729653289763796,45.0,32.0,1.8443755924213725,1.6320638895510449,139.0,287.0,5.0,6.0
330.0,2.005345619947559,0.0099814436040785,28.0,41.0,1.5943443792949124,1.2775774741975052,28.5,388.5,9.0,7.0
902.0,2.8428959678736416,0.0786095313123844,31.0,99.0,1.514492231642583,1.1428057111479646,294.0,217.5,4.0,0.0
263.0,0.1775660806289845,0.0607510169760535,59.0,4.0,1.255139281091309,1.025033821561835,208.0,73.5,3.0,7.0
520.0,1.2197914350789292,0.0631528611166748,55.0,73.0,1.1723460175144538,1.5204337276778537,454.0,436.5,8.0,2.0
282.0,1.1622581608981033,0.0999695360762351,14.0,3.0,1.195684300102397,1.013308330409752,230.0,278.5,3.0,9.0
414.0,3.2688473157443214,0.0240552008984071,33.0,34.0,1.4382268712548614,1.5654522249404872,49.5,235.0,0.0,8.0
972.0,3.799068586144394,0.0176793580679924,36.0,25.0,1.0772190294257795,1.6717892827937804,413.5,263.5,0.0,5.0
638.0,3.229375002061687,0.0581266106091266,45.0,16.0,1.4966385708747552,1.0236999121881785,324.5,305.0,4.0,1.0
502.0,1.2800534705715343,0.0011706461036014,60.0,23.0,1.2366271241623004,1.325958704930367,290.5,266.5,6.0,4.0
994.0,2.119697905688536,6.034068632875256e-05,42.0,34.0,1.727534341762886,1.998578802321868,164.0,497.0,9.0,4.0
859.0,1.265847388780712,0.0592478362884391,45.0,45.0,1.7133551577250097,1.027636684690679,501.0,488.5,7.0,8.0
855.0,1.9360052394226568,0.0041062933273639,43.0,29.0,1.5752132305750388,1.757295844241873,200.5,467.5,2.0,8.0
288.0,3.534714054367013,0.0717181824161871,54.0,55.0,1.801921172656738,1.1005010846484269,266.5,204.5,0.0,1.0
583.0,2.5856771538756176,0.0471607508246681,24.0,100.0,1.6845018999031596,1.1966087559142546,470.0,60.0,2.0,5.0
359.0,3.12131706870072,0.0186742752117839,48.0,99.0,1.3515877916276977,1.6330744396045582,239.5,225.5,2.0,0.0
911.0,2.023781685096417,0.0842959716252319,26.0,43.0,1.547569562873695,1.7528071942673655,366.5,7.0,0.0,2.0
257.0,0.3394879806356865,0.0835498878129449,57.0,12.0,1.2515832975949657,1.2122188106686007,36.5,162.0,10.0,4.0
604.0,3.5553956729717857,0.0816005489579359,60.0,38.0,1.910311639826008,1.8040985692855236,227.5,235.0,10.0,3.0
464.0,2.477123381607949,0.0364297669049966,36.0,65.0,1.6008507180075249,1.8648553373770351,181.5,183.5,3.0,7.0
618.0,0.8870881332217255,0.0184154847946145,12.0,42.0,1.0844304244456364,1.6523112249160288,77.0,346.5,1.0,4.0
909.0,3.1073659005840235,0.0148568491982689,43.0,97.0,1.7304863122419976,1.2251548864300923,203.5,179.0,0.0,8.0
969.0,1.6522530143875525,0.0187273871847785,26.0,42.0,1.6659331435347011,1.8041214458844568,401.5,76.0,7.0,4.0
606.0,1.187769493281988,0.0239843934610035,38.0,18.0,1.5627882186931772,1.133769230781074,14.5,255.5,5.0,8.0
742.0,1.7283049100026124,0.0064220787018333,17.0,17.0,1.454814650014153,1.3503418319703662,434.5,366.5,0.0,10.0
775.0,2.540135454184244,0.0990848544773533,48.0,69.0,1.185925571253919,1.0082960883946877,463.0,163.5,3.0,1.0
371.0,1.3113677639421906,0.069009629166605,29.0,99.0,1.7289463668691298,1.467961459927928,491.5,452.5,10.0,4.0
719.0,0.8894418166855393,0.0224558112569994,45.0,12.0,1.2486012297544602,1.223020101099715,207.0,412.0,4.0,7.0
526.0,3.986283207848556,0.0349664224184034,47.0,10.0,1.946319073506676,1.99761514405332,488.5,111.5,9.0,5.0
680.0,2.2153165266006374,0.0914297699200486,31.0,7.0,1.7660114140214866,1.833991719831608,344.0,31.5,0.0,3.0
389.0,0.5042797584773258,0.0050592727516389,36.0,87.0,1.983628652578716,1.167711480426493,33.5,417.0,9.0,3.0
421.0,2.9431711725613305,0.0819235468051737,56.0,68.0,1.9185704855454595,1.444731581676879,435.5,331.0,9.0,4.0
487.0,3.496748485888126,0.0979107890947655,60.0,77.0,1.3448244744682067,1.85733907378434,104.5,322.0,4.0,2.0
209.0,1.369032899661586,0.0488866077267268,49.0,101.0,1.5660824043313135,1.1217248957450288,51.0,465.0,10.0,4.0
225.0,3.865387938128019,0.0061844967096524,33.0,83.0,1.2272731347970485,1.543707975292714,10.0,379.0,3.0,4.0
664.0,1.3803194135798993,0.0736331067257963,48.0,81.0,1.7223358892824154,1.5327828625230129,475.5,2.0,9.0,6.0
742.0,1.009728384581854,0.0090855478931834,49.0,96.0,1.8835813466882,1.4201416565322635,466.0,190.0,7.0,1.0
481.0,1.0026702885088068,0.0241949174121791,12.0,83.0,1.411042173773725,1.6554899955187476,453.0,218.0,10.0,6.0
758.0,3.336142806158052,0.0284086416754718,27.0,45.0,1.63277633766666,1.6397638802845536,275.0,168.0,9.0,5.0
525.0,2.524074108857768,0.0647017766801756,27.0,95.0,1.86694319012184,1.3081209406213066,328.5,485.5,5.0,9.0
591.0,2.1090374050618905,0.0811345247934683,25.0,34.0,1.5972023095561636,1.8543755664081571,311.5,400.5,2.0,4.0
528.0,1.3451588354003805,0.0625873547790709,60.0,33.0,1.309315463683235,1.554686037114061,17.5,305.5,1.0,0.0
443.0,2.1769169011838074,0.0369955166548079,48.0,76.0,1.580852084350056,1.6055995301393269,480.0,265.5,7.0,10.0
220.0,1.9603922778452525,0.0386984501441722,21.0,34.0,1.961998107389682,1.9388650219565664,296.0,103.0,1.0,8.0
377.0,0.0921761290126004,0.0172192362665819,43.0,33.0,1.8053001548690095,1.6895395448448691,142.5,449.0,6.0,1.0
391.0,1.823078711704921,0.0144185289109174,18.0,4.0,1.507314495246972,1.0138662848721305,115.5,509.5,4.0,3.0
203.0,0.6360331763198728,0.0079362284972673,51.0,20.0,1.9442618213756817,1.5497661949581965,347.5,386.0,10.0,5.0
238.0,3.161741172376269,0.0837879760562285,38.0,39.0,1.5949424733437518,1.5561944337040372,206.5,325.5,0.0,1.0
691.0,1.7553244509008723,0.0888413117499606,22.0,84.0,1.409056777391294,1.2937140059196837,134.5,323.0,1.0,5.0
661.0,3.109305601055464,0.039816883140667,15.0,52.0,1.759681185598128,1.458682499566653,445.0,168.5,5.0,4.0
447.0,2.797965782498232,0.0016391051524463,37.0,98.0,1.051071946725213,1.6334339036268195,373.5,266.5,2.0,5.0
375.0,1.175573524141886,0.0059583188101257,34.0,54.0,1.4646710464050188,1.4163118921606006,266.5,382.0,0.0,1.0
490.0,3.323922345169314,0.0335185701243501,57.0,45.0,1.0014339886592034,1.6252586712879855,351.5,340.0,8.0,9.0
781.0,0.0440067955100467,0.0171053752244909,43.0,35.0,1.1670303780439857,1.9140828995308867,86.5,52.0,10.0,9.0
637.0,2.923274206262578,0.0465812670133387,18.0,95.0,1.8521165008703977,1.2500048497132044,308.0,330.0,10.0,8.0
899.0,3.935384733067239,0.0977445174070466,52.0,2.0,1.3172014291523149,1.3323984025039155,197.0,100.0,0.0,10.0
317.0,3.765660370144816,0.0695548419844353,30.0,11.0,1.4236253775434604,1.0111368081338457,278.5,397.0,1.0,4.0
543.0,0.7038085127769977,0.057146178479826,41.0,33.0,1.1146405544057676,1.135167149849352,76.5,227.5,2.0,7.0
472.0,0.1470978313208579,0.0509945314166844,40.0,74.0,1.9704876528904407,1.4170613020909717,333.0,247.0,3.0,10.0
932.0,2.481937120728191,0.0453421841546534,42.0,27.0,1.5640649303560548,1.123284345333666,374.5,331.5,0.0,5.0
560.0,1.6833351418739677,0.0376868383950441,41.0,68.0,1.323987121587325,1.846054926466896,103.5,65.0,2.0,3.0
714.0,2.9924712473318618,0.0601658965538496,58.0,42.0,1.032532473215388,1.820537828136478,416.0,183.0,6.0,4.0
928.0,2.463842392616672,0.0520609007489355,13.0,10.0,1.5068264486880822,1.9999354333636523,124.0,170.0,9.0,10.0
985.0,2.743418078361233,0.0929051320932208,35.0,37.0,1.696601884277371,1.90219166946916,78.0,7.5,2.0,5.0
923.0,0.7705340669192777,0.0007297854117045,55.0,71.0,1.306320685688093,1.2986246628741056,169.0,47.0,4.0,5.0
463.0,2.8686485517302494,0.0865287638909018,44.0,31.0,1.4545667685720187,1.4688293680426738,132.0,489.5,1.0,3.0
619.0,1.4911814008463875,0.0262879020979609,47.0,52.0,1.429966426423949,1.4396354916855567,286.5,378.5,5.0,6.0
441.0,0.4126641369228632,0.0396058242610681,19.0,39.0,1.4015910144850747,1.9179550430877188,60.0,227.0,1.0,0.0
251.0,2.687695848797353,0.0334875646569276,51.0,1.0,1.4555813288765227,1.275783247420196,393.0,87.0,2.0,6.0
211.0,1.218550480448951,0.051372262601769,28.0,36.0,1.134039240636402,1.8638340275331384,84.0,93.5,7.0,3.0
615.0,1.2374689367422276,0.0785072834903425,10.0,8.0,1.9547113879128744,1.7254977423365436,125.0,32.5,8.0,4.0
354.0,3.80734261176683,0.0270387585758538,41.0,3.0,1.534276511915471,1.8061972066208265,505.0,396.0,0.0,6.0
777.0,3.515562979634824,0.0818400402095694,31.0,15.0,1.3777312226875953,1.7759508891993712,151.0,275.0,8.0,9.0
339.0,1.7199336687342788,0.0497418625809389,49.0,54.0,1.3628298279433224,1.038758756935659,463.5,388.0,0.0,8.0
378.0,3.744796682239715,0.0440613176611688,51.0,22.0,1.612562497271005,1.0658622686172534,1.5,408.0,8.0,5.0
599.0,3.3160571963234413,0.0664676671764823,17.0,82.0,1.3555860865011784,1.0379311312280723,77.5,177.0,10.0,5.0
368.0,2.9503444666567726,0.0877616760297388,51.0,27.0,1.1849040731561225,1.0169723278159162,417.5,114.0,5.0,0.0
533.0,0.9503407855592374,0.039067538952275,27.0,72.0,1.8110703981337448,1.4552495085813204,489.5,393.5,3.0,10.0
861.0,2.743952658872137,0.0558377382099073,40.0,21.0,1.0677130654803877,1.2284754630485524,203.0,258.0,10.0,6.0
858.0,3.2516515042525334,0.0250961677783298,26.0,58.0,1.4958319579299784,1.674880147479252,170.5,367.0,5.0,9.0
597.0,0.8072755972666972,0.0057148155235656,57.0,77.0,1.9503066349009013,1.8957973445799563,240.5,2.5,3.0,9.0
855.0,3.862607688335713,0.0534033347723177,55.0,94.0,1.6009798889172715,1.4381301011288072,270.5,415.5,2.0,8.0
373.0,3.8801652230207058,0.0180185278681304,13.0,48.0,1.6900343015986277,1.1419516954557003,272.5,17.5,2.0,9.0
835.0,3.27826940929189,0.0690205317622563,50.0,17.0,1.09508683010662,1.124928441955636,349.5,206.5,8.0,5.0
825.0,2.3736230630179804,0.0133173413979295,42.0,40.0,1.6038724254474108,1.3989938392925407,400.0,424.5,1.0,5.0
739.0,0.4252336082025136,0.0704369399225579,38.0,11.0,1.3624456335884516,1.461466773820391,239.0,251.0,0.0,0.0
434.0,0.9288931550817154,0.0861549329359229,21.0,52.0,1.413050312045348,1.883732682215126,264.5,226.0,1.0,10.0
877.0,1.6856311211676671,0.0028030389385861,11.0,16.0,1.779519844321849,1.4199164551118115,268.0,202.5,10.0,0.0
670.0,2.2879284516978995,0.0923250110615234,40.0,21.0,1.8392846672111465,1.1045082144744482,23.0,506.5,7.0,6.0
297.0,2.352271669780864,0.0536614949131501,21.0,72.0,1.3419471771254052,1.3908189050840338,193.0,269.5,10.0,7.0
700.0,2.9216026660157923,0.0742935945218219,60.0,19.0,1.6875694915258497,1.8773441022162327,20.0,388.5,5.0,10.0
962.0,2.6381125766212823,0.0906075140428578,27.0,6.0,1.94314220507696,1.4350493200713172,434.0,91.5,3.0,6.0
837.0,2.9671479570429176,0.0795193565565696,57.0,33.0,1.0290052282836148,1.4656226543781052,255.0,53.0,10.0,8.0
458.0,0.3034642790109756,0.0146784480010197,52.0,83.0,1.573671459717754,1.7605748758858382,328.5,328.0,0.0,1.0
592.0,3.59879920588355,0.0349502893858621,36.0,35.0,1.3650338916687488,1.6461752910168816,159.0,93.0,8.0,9.0
759.0,3.568644024914661,0.0862095104879629,30.0,60.0,1.2178389180476934,1.011494121562636,267.0,325.0,3.0,5.0
429.0,0.8614986413522954,0.0935876452394798,37.0,5.0,1.2587462512310066,1.4645375068961353,319.0,509.5,4.0,10.0
771.0,0.6187090436882143,0.0826409239278542,13.0,10.0,1.1486539915316776,1.2908471116448732,400.0,94.0,0.0,7.0
435.0,2.9451959645939927,0.0751286011575239,45.0,23.0,1.2710910163477367,1.9298084169998395,34.5,82.5,6.0,4.0
511.0,3.2788720789792656,0.0077698206933492,38.0,35.0,1.1893115749263636,1.0644763436844673,320.5,487.5,3.0,0.0
241.0,0.4952955887086432,0.0802948694667004,33.0,25.0,1.7072866731390044,1.4049651688579927,211.5,233.5,10.0,0.0
778.0,0.011446206485612,0.0995119542919141,27.0,66.0,1.197522673295542,1.044495609191208,291.0,177.0,3.0,9.0
772.0,1.3439312927561282,0.0529375309320709,32.0,34.0,1.7006341703678691,1.882508308293386,153.5,95.5,1.0,9.0
825.0,3.621647242790438,0.0028866945337918,25.0,82.0,1.1888671476246258,1.7638504959486538,196.5,30.5,4.0,9.0
501.0,1.0840794765656296,0.0237958642007564,14.0,61.0,1.2430140079328709,1.1309456227634356,371.5,453.0,5.0,4.0
895.0,0.8184049961411968,0.0382414651774377,11.0,27.0,1.7126072755197808,1.5510595922016646,99.0,419.0,4.0,3.0
960.0,2.816586178138736,0.0734937594612166,51.0,55.0,1.555345082637554,1.9479538186494796,414.5,386.0,7.0,4.0
378.0,1.806875357204128,0.0715404956178679,49.0,37.0,1.4159606825364874,1.852802849074053,307.0,421.0,4.0,8.0
411.0,1.87532177036995,0.0037130023038055,37.0,63.0,1.9567731184936836,1.431062193676623,479.0,426.0,10.0,2.0
342.0,3.483498071593305,0.0675055837534331,15.0,65.0,1.1340110053208718,1.9201748799543816,439.5,394.0,3.0,6.0
326.0,1.1568258600283905,0.0989485045082368,51.0,53.0,1.6564110165047512,1.2150200156535227,127.5,491.0,10.0,9.0
423.0,0.4151513177851411,0.0181853369478266,13.0,16.0,1.3840109110986305,1.728837089887849,320.0,116.5,4.0,9.0
226.0,2.366002532958895,0.0578432992701334,55.0,60.0,1.5181325243941304,1.5684767735375864,75.0,391.5,0.0,9.0
718.0,2.3041522816757154,0.0770566338902747,35.0,71.0,1.7042201710681684,1.642708059787647,360.0,132.5,7.0,8.0
768.0,0.9172434708252756,0.0352196333583422,57.0,29.0,1.5350067422819569,1.6380262879926328,323.5,49.5,4.0,0.0
965.0,2.198114005435728,0.0188956581427245,44.0,80.0,1.98147830093583,1.814353263147629,9.5,394.5,1.0,0.0
287.0,1.2028831976261118,0.0714675011071128,34.0,98.0,1.89147224973478,1.142986451688906,241.5,200.5,6.0,8.0
787.0,1.9401385117237813,0.0261621482944657,10.0,11.0,1.586484420822965,1.965517772434135,382.0,327.0,2.0,10.0
895.0,1.20627296994168,0.0073895633927535,12.0,93.0,1.187225340086543,1.838368147871141,246.5,347.5,9.0,8.0
415.0,2.969297418893591,0.0899859209866796,49.0,88.0,1.0975870863259536,1.6656055754814307,423.5,73.0,8.0,1.0
327.0,2.295936726037044,0.009676516222496,50.0,100.0,1.2638449666249771,1.3186945122338336,72.5,408.0,9.0,8.0
463.0,3.509891713498356,0.0498145758649691,55.0,101.0,1.9605001557183268,1.6500983393955275,305.0,76.0,1.0,10.0
331.0,0.7801800404305483,0.0239579603176768,53.0,15.0,1.351491742322943,1.1144937354771285,265.5,60.5,0.0,2.0
977.0,0.0973950276342545,0.0166920631877112,50.0,67.0,1.728255345815332,1.1046591706327549,244.5,210.0,0.0,2.0
593.0,0.2776373082243388,0.0817695136047199,36.0,38.0,1.760379044897814,1.3385596610928263,316.0,294.5,9.0,6.0
488.0,0.7693736466874896,0.0992327998605066,16.0,4.0,1.4171887414459836,1.0012253790787256,438.0,145.5,4.0,8.0
801.0,0.5599506383849797,0.0481727548294758,44.0,7.0,1.1145215127552963,1.9883661954114544,150.5,274.0,9.0,2.0
498.0,2.7916051030741893,0.0332092772832881,28.0,48.0,1.9088182729350855,1.278974583649228,385.0,228.0,1.0,9.0
744.0,1.026388475709954,0.0968778037335748,33.0,8.0,1.4333898033079049,1.579084050160823,262.5,484.5,1.0,0.0
613.0,3.78442084235428,0.0767764608236604,57.0,16.0,1.2045490053186838,1.4649628424144132,229.5,235.0,3.0,5.0
553.0,3.148778676448741,0.0962071726810007,57.0,48.0,1.6846909789594262,1.8910238529867052,348.0,101.5,5.0,9.0
318.0,1.531169234373245,0.0470440542500327,46.0,68.0,1.7153837755115409,1.216952020294998,6.0,218.0,5.0,3.0
320.0,1.85685564030876,0.0599291483659152,55.0,63.0,1.9239293136816595,1.8877083871865168,466.0,236.5,9.0,2.0
269.0,2.8095238535191163,0.024530686050164,32.0,17.0,1.738918396975219,1.9487831562203175,241.0,279.0,5.0,4.0
331.0,1.0256169046194157,0.068725521385963,56.0,17.0,1.7626227729628263,1.336815322450596,108.0,22.5,10.0,1.0
922.0,3.8936960243447474,0.0691549806836745,41.0,54.0,1.2284338416962677,1.5181018260512182,146.0,459.5,7.0,5.0
882.0,0.1650094444883554,0.004960380104395,20.0,49.0,1.7335041007362737,1.3629454823192804,340.5,208.0,6.0,0.0
883.0,1.53742235477405,0.0271444648932204,41.0,37.0,1.2393873111782867,1.386527596587956,443.5,147.5,6.0,9.0
593.0,1.7367996969055448,0.0353056310732945,47.0,6.0,1.6073997008148482,1.327646341948126,416.5,407.0,0.0,4.0
833.0,2.88426854455698,0.0007195796486351,49.0,48.0,1.5653343100837036,1.7590948468661456,472.0,118.0,5.0,3.0
942.0,2.774845331202601,0.0340401333915146,28.0,1.0,1.8997738730121985,1.350400062627252,218.0,139.0,10.0,3.0
998.0,2.47833150647469,0.0563350199081777,30.0,91.0,1.381870800356558,1.4334423936984702,307.0,16.5,9.0,8.0
531.0,1.579293985692694,0.0048286423626812,44.0,20.0,1.582788005903355,1.9097040631431024,219.5,38.0,1.0,5.0
366.0,1.218248777585205,0.0829490650812643,32.0,38.0,1.719148416864831,1.7290129007908224,155.0,503.0,10.0,2.0
317.0,1.0518226617679955,0.0365860233539893,36.0,85.0,1.0562988581467854,1.119225633642241,466.5,222.5,6.0,4.0
749.0,3.821710313983088,0.0760733409487856,37.0,21.0,1.1247324399216465,1.2409223524600486,403.0,397.5,10.0,1.0
822.0,1.412202756626319,0.0452586795060649,29.0,1.0,1.5669628993200249,1.185833318932736,509.5,4.0,8.0,5.0
480.0,2.876605640460032,0.0934957488160816,14.0,94.0,1.6773694058887236,1.5077638147933834,368.0,374.5,4.0,1.0
643.0,2.912689416010832,0.0299702392353208,39.0,39.0,1.3355458356124634,1.601885878424714,201.5,341.5,2.0,0.0
373.0,2.2497171966157574,0.0673819261965598,54.0,97.0,1.476504524097872,1.7100417361089024,119.5,382.0,9.0,2.0
555.0,0.7582259887294689,0.0716098113519966,20.0,87.0,1.3186026204193173,1.6517585487632214,122.5,459.0,9.0,3.0
760.0,0.799682500428021,0.0468508353189005,55.0,4.0,1.313099512283974,1.6050775048024986,188.5,395.0,5.0,8.0
468.0,1.6100448763691513,0.004516553427393,44.0,55.0,1.373706169731218,1.1947403230488292,142.5,394.5,2.0,10.0
423.0,1.6314029760434918,0.0067572350456848,29.0,35.0,1.4815835764749008,1.2777156744866214,117.5,176.0,3.0,0.0
700.0,1.932002111726048,0.0098174719809401,41.0,76.0,1.8598839480996825,1.735690984081523,228.5,234.0,9.0,2.0
495.0,0.028312786902525,0.0677111079133183,38.0,11.0,1.283752423035176,1.3841764578497664,61.5,476.5,2.0,7.0
933.0,3.2814429578250106,0.0078946007646776,34.0,57.0,1.081277908617638,1.400948681120651,322.5,351.5,0.0,5.0
266.0,3.126251635307242,0.0781397857765367,26.0,55.0,1.3603988085909011,1.3966904386281538,319.0,72.5,6.0,2.0
860.0,2.0835274554557324,0.0236112737795364,55.0,38.0,1.3585438936909904,1.7757713224554303,346.5,248.0,3.0,9.0
850.0,1.2634048179010828,0.0982703006933685,21.0,56.0,1.2240571620017011,1.205334308600176,226.5,7.0,2.0,5.0
261.0,3.985094601129661,0.0724576727650071,26.0,61.0,1.7434751273222342,1.2391175341474363,169.0,131.0,2.0,10.0
213.0,1.726517918600119,0.0050415214752244,58.0,83.0,1.3576235045621643,1.94963802010025,440.0,214.0,10.0,9.0
677.0,2.327438531974665,0.0844633495419263,55.0,19.0,1.1927682335058027,1.926289570232004,333.5,388.0,10.0,3.0
315.0,0.3071854390635877,0.0092565234112651,18.0,57.0,1.114011438564129,1.813386956588004,227.0,303.0,3.0,10.0
861.0,1.4062539680169968,0.0996812414117573,47.0,68.0,1.6352238764335434,1.4345510361505678,458.0,492.0,0.0,1.0
701.0,0.0794642799583638,0.0244416914323487,26.0,47.0,1.7054987611372083,1.727364830360496,262.0,399.0,7.0,2.0
554.0,0.2604364275634219,0.043172010893045,46.0,44.0,1.0126821418968337,1.2993925837344855,326.5,482.0,7.0,0.0
432.0,3.8491801433375312,0.0126330898650859,55.0,48.0,1.1368430126267746,1.811264045530025,214.0,410.0,0.0,1.0
929.0,0.2981657518756,0.0079236468656814,50.0,12.0,1.7745663656774415,1.230659867384979,279.5,31.0,5.0,0.0
834.0,2.5427266913525326,0.0086409300828417,34.0,80.0,1.37237023536149,1.448681624820015,341.0,510.0,3.0,7.0
404.0,2.269654265980393,0.0413461919620969,33.0,10.0,1.084298875014036,1.121760863209922,444.5,302.0,1.0,9.0
660.0,2.476482897356687,0.0571202242768156,23.0,81.0,1.4826596463645585,1.3152093391145356,85.0,501.5,1.0,4.0
944.0,0.0773712257070604,0.0559989512312995,48.0,17.0,1.7563204174431009,1.5677846353982905,14.0,350.5,5.0,9.0
762.0,0.1330864168031924,0.0712443653356546,16.0,47.0,1.2980258493945072,1.475426610256238,304.0,172.5,2.0,7.0
533.0,2.7935964194161538,0.0809172599231946,14.0,76.0,1.8369083102117496,1.5140934972863709,134.5,367.5,2.0,4.0
318.0,3.489176057174202,0.0126344471586028,41.0,39.0,1.1533855814602716,1.0382830401336256,480.5,150.0,4.0,0.0
969.0,0.3084355295462933,0.0110716982472172,54.0,39.0,1.281980584632074,1.8472882402321749,270.5,496.5,10.0,3.0
491.0,1.1356825643405788,0.0465877634150753,28.0,15.0,1.45409494331123,1.6577863964969124,398.0,438.5,0.0,2.0
284.0,2.2642886168052088,0.0580183438247772,25.0,31.0,1.1569457981202154,1.319032390402889,164.0,31.5,9.0,7.0
494.0,3.261233562809707,0.0304738865306308,39.0,28.0,1.350205718758419,1.5867308950793018,375.5,372.0,6.0,4.0
540.0,2.083880504605445,0.035620184386791,28.0,88.0,1.2551184467665444,1.5743896009049128,301.5,47.5,7.0,0.0
323.0,0.1386564603260489,0.0753200313616986,42.0,95.0,1.365914057428446,1.5878348027181026,427.5,140.0,8.0,3.0
972.0,1.043731150493,0.0185800797947038,53.0,68.0,1.1338376443010325,1.0361231419533117,152.0,283.0,3.0,9.0
221.0,2.235135652884093,0.0212023618042836,35.0,39.0,1.0536419721235464,1.532948389772726,450.5,11.5,7.0,9.0
570.0,1.1451618585889451,0.0802842009960925,54.0,9.0,1.029765505435544,1.9006652441578096,166.0,226.0,8.0,4.0
385.0,0.2381145709791137,0.0275291488750732,33.0,9.0,1.3725870603578405,1.3595072395749808,199.5,73.5,2.0,8.0
513.0,2.293257671454806,0.0648440992320514,23.0,27.0,1.7068215359623764,1.28381752726054,282.0,93.5,8.0,4.0
714.0,3.086250180231936,0.024666215966043,43.0,48.0,1.1549216556043096,1.8929492151701584,441.0,131.5,1.0,6.0
202.0,2.374065797631105,0.0562254944426594,53.0,6.0,1.86213627415223,1.5876056305201325,54.0,249.0,9.0,3.0
522.0,2.8689418576344807,0.0093038459907785,38.0,68.0,1.4397284156648085,1.3784898768606573,317.5,262.5,10.0,5.0
482.0,0.5596891485307753,0.043969347773556,60.0,76.0,1.9037975601645447,1.3122986807063146,279.0,438.5,7.0,10.0
810.0,2.282275055360732,0.0139007129384153,18.0,39.0,1.165392074048278,1.910494199896672,102.5,61.5,10.0,2.0
674.0,1.4932477255801682,0.0138539412514455,53.0,79.0,1.5027820800522085,1.8982979700319385,82.5,342.0,0.0,5.0
938.0,2.637966757209825,0.0138646455792439,60.0,2.0,1.591580302524247,1.8509949380068065,281.0,65.0,5.0,0.0
881.0,2.1252389675101973,0.0170661996906231,18.0,27.0,1.4922182528826908,1.6177872736743408,193.0,390.0,2.0,5.0
997.0,0.6884133335209897,0.0061458816863814,55.0,64.0,1.96616157318569,1.6189346496220252,60.5,427.0,2.0,1.0
486.0,2.4450631577672333,0.0797799729810311,30.0,14.0,1.0506776928705346,1.6352507260234503,378.5,136.5,8.0,3.0
956.0,0.4275350168636005,0.017465230316204,41.0,17.0,1.8353612699876305,1.669704733565807,29.0,503.0,6.0,1.0
270.0,1.985701445506188,0.0535392941979727,14.0,44.0,1.4872793082245204,1.870798465929954,92.5,13.0,7.0,6.0
310.0,1.5137308003719805,0.0072660755998397,59.0,14.0,1.5644546883979351,1.7646905614221713,215.5,71.0,4.0,0.0
269.0,0.7570474491433123,0.0668910309734072,13.0,82.0,1.5603759172694818,1.2349776089453923,507.0,132.5,10.0,3.0
338.0,1.9642506107615856,0.0384453932098571,13.0,54.0,1.157992300585569,1.1814750380047396,413.0,163.5,0.0,2.0
224.0,2.1112798207789703,0.0882970542080434,47.0,28.0,1.4119383567719637,1.61019055415305,392.5,142.0,9.0,1.0
259.0,0.9889562538807491,0.0298788317460544,32.0,73.0,1.242569377705796,1.355148107847677,209.5,115.0,9.0,10.0
816.0,3.483796181673504,0.0764277180166395,43.0,25.0,1.1364985494843998,1.9052902801321003,144.5,279.0,9.0,5.0
332.0,1.4809369255235103,0.0975476282579074,30.0,54.0,1.4526167153606462,1.165698293421387,510.5,289.0,5.0,6.0
407.0,1.731466059125342,0.0970296384870052,52.0,94.0,1.042733652371444,1.7886426428791755,165.0,367.0,10.0,0.0
333.0,2.71905618129982,0.0176421601584832,24.0,77.0,1.0997241886284024,1.1438325961725773,269.0,377.5,10.0,9.0
652.0,2.306484763573217,0.051646119451767,37.0,51.0,1.147085947591609,1.5510739509412166,206.5,77.0,1.0,5.0
605.0,0.4217823335070156,0.0091955958298749,31.0,80.0,1.7835856355349502,1.0098448640361195,417.5,179.0,4.0,8.0
515.0,1.002703368376639,0.0371525890734261,51.0,26.0,1.5460465922588196,1.763538088979694,302.5,411.0,9.0,0.0
442.0,3.5510724032350995,0.0329253281759517,46.0,48.0,1.1193436939057344,1.6988075547020385,285.0,359.0,1.0,10.0
490.0,1.7819504323764308,0.0228620179974141,41.0,56.0,1.166335696706709,1.868755921969797,30.0,306.5,6.0,2.0
673.0,1.9067689885999128,0.0243447306159362,14.0,60.0,1.0205644620003016,1.8276242258391744,292.0,498.0,5.0,4.0
743.0,1.1358067468510078,0.0707527832059106,58.0,74.0,1.439242130897139,1.9349185121308317,196.5,369.0,5.0,10.0
921.0,0.2763889125737386,0.0148201307328483,27.0,94.0,1.9178008771223969,1.9517420138189705,297.5,413.0,9.0,7.0
590.0,0.7652555088177704,0.0835882701395728,52.0,42.0,1.8499293577058165,1.8347713985139136,353.5,252.0,2.0,3.0
785.0,1.7155562187004585,0.057809130113447,23.0,5.0,1.6534725339011758,1.1602295565188196,501.5,335.5,7.0,4.0
644.0,1.4023912609897975,0.004479423388482,28.0,19.0,1.8510464088065397,1.3193094745737213,366.5,351.5,2.0,7.0
509.0,1.0323638476268815,0.001756495854572,56.0,2.0,1.1230390992600403,1.050686214619385,396.0,313.0,3.0,2.0
862.0,3.419185546538663,0.0478182244485785,15.0,32.0,1.6520186380669242,1.182685227367754,400.5,385.5,1.0,5.0
593.0,0.8913724672512369,0.0918513416616656,59.0,84.0,1.9715061463573944,1.4575319339180035,102.5,396.0,5.0,9.0
492.0,1.825520312371112,0.0435483502616743,45.0,4.0,1.8196127558907136,1.7343926762811543,253.0,295.5,4.0,7.0
537.0,2.458466570759575,0.0109920153041529,60.0,9.0,1.3581474314369184,1.6112209000137347,13.0,48.5,8.0,7.0
624.0,0.6099994063631229,0.0634653635042651,40.0,90.0,1.6351419213142164,1.3172152203980854,313.0,219.0,5.0,0.0
408.0,2.7899437350964407,0.0722639777463216,20.0,21.0,1.2569396299708084,1.347984819688299,231.5,399.5,1.0,10.0
410.0,0.6348884867096083,0.0360001967319465,40.0,47.0,1.700399197162071,1.3166084236275584,122.5,115.0,7.0,6.0
799.0,2.207209189431281,0.0956843932312319,25.0,34.0,1.273017814997928,1.1493923852355843,467.5,31.5,6.0,5.0
625.0,3.8407030669906046,0.03167853703984,52.0,25.0,1.0484269226872749,1.1367862780818676,29.0,9.5,8.0,1.0
749.0,3.24692264919109,0.0085151793217496,24.0,22.0,1.1056538196839822,1.4758851618994426,440.5,473.0,4.0,9.0
839.0,1.5005032452363412,0.0966398639131938,16.0,5.0,1.0753704620745486,1.8841473726571312,100.5,422.5,8.0,10.0
789.0,2.352750615697761,0.0037936891682977,31.0,38.0,1.926928661267464,1.8530105356993485,491.5,45.5,0.0,3.0
963.0,1.560800468050279,0.012942869636638,30.0,58.0,1.4005425793137372,1.6016423064483265,10.0,138.5,9.0,2.0
225.0,3.718790576416218,0.0944679486166784,42.0,68.0,1.055444389839972,1.0396724121367305,342.0,63.0,8.0,4.0
617.0,1.1556890655350212,0.0035128047060421,37.0,54.0,1.54711782891828,1.9284080485222683,239.0,334.5,3.0,5.0
749.0,2.10765676514832,0.0057216119275633,26.0,24.0,1.5425930227708071,1.4190489464948572,390.5,175.5,6.0,9.0
986.0,3.8959651593029503,0.0065181499135164,55.0,37.0,1.2528649224795498,1.5868163928540475,79.0,230.0,1.0,2.0
955.0,3.1606062617739523,0.0611741868549213,37.0,91.0,1.0980225042535872,1.7676500238447137,496.5,454.5,3.0,7.0
642.0,2.0755708333011733,0.0253703560406444,31.0,27.0,1.720095686128515,1.186145216098882,123.5,159.0,0.0,8.0
500.0,0.8657329229288937,0.0046208628393366,45.0,55.0,1.799811911527573,1.0568583992779272,22.5,175.0,3.0,9.0
641.0,3.3359590166019824,0.0258209047010104,18.0,40.0,1.8120839923863443,1.886236827442356,191.5,150.5,0.0,8.0
443.0,0.4968223851289295,0.0491149499142153,25.0,5.0,1.932208511063457,1.287412631773346,267.0,40.5,5.0,4.0
663.0,3.427452025538998,0.0781218055379763,38.0,72.0,1.1899020313073718,1.803900312721049,487.0,190.5,8.0,9.0
750.0,1.6499783084955393,0.0122503299413212,11.0,57.0,1.9016539307981957,1.4072542733938582,24.0,484.5,3.0,9.0
624.0,2.7094368229531,0.0122011788487266,10.0,68.0,1.4282274216047903,1.3060970018028462,31.0,141.5,3.0,9.0
808.0,3.80198913679114,0.0072728904237846,12.0,13.0,1.931295978337974,1.7932857292754134,482.0,363.0,10.0,2.0
560.0,3.4096157825930846,0.0213526415721696,10.0,92.0,1.2460211464983737,1.0086630657230529,451.0,159.0,5.0,8.0
593.0,1.0034943542496753,0.0569459217412032,22.0,23.0,1.2854948769662178,1.2789535683808484,214.5,12.0,9.0,2.0
775.0,2.4559240182961624,0.0192101278662225,52.0,28.0,1.3891540291423556,1.1938409864276505,217.0,486.5,1.0,9.0
412.0,2.3370158958724065,0.0400851120681353,37.0,11.0,1.5092079744712297,1.6294492521733477,464.0,295.0,9.0,3.0
244.0,3.3294582107301367,0.0434532504684062,51.0,49.0,1.279422806180853,1.5134433052102243,410.0,230.0,2.0,4.0
755.0,3.4085183649748934,0.0983622001538913,50.0,90.0,1.2894819812922202,1.800330798178782,158.5,262.5,1.0,6.0
203.0,2.5151198915114974,0.043036411208861,44.0,31.0,1.7589827126121,1.431065516787633,492.0,339.5,8.0,1.0
337.0,2.6459269607641813,0.0483362701060358,60.0,41.0,1.9945714945458053,1.3127121133415287,48.0,223.0,9.0,10.0
541.0,0.4357252610613691,0.0165462896795013,52.0,58.0,1.6327694632369476,1.2634018610129458,60.5,338.5,9.0,0.0
952.0,1.1902789683613668,0.0380015333357233,58.0,97.0,1.294029858670533,1.2616841714818654,294.0,423.0,0.0,3.0
628.0,2.6499588568121424,0.0072412386741162,37.0,42.0,1.7534670467092912,1.6468875345313267,373.0,259.0,5.0,6.0
870.0,3.1703945565157543,0.0494703064019409,59.0,15.0,1.310290957469409,1.4835242511086688,387.0,3.5,8.0,4.0
809.0,0.5915194405039115,0.0911803490880375,19.0,90.0,1.964948869610414,1.796813309953066,56.0,80.0,0.0,1.0
516.0,2.46499507648708,0.0252196585457588,31.0,59.0,1.4726864240729602,1.4350341743123942,403.5,508.5,7.0,1.0
827.0,2.424532129337314,0.0130504795098973,34.0,48.0,1.6968802852939713,1.0979985568498902,153.5,494.5,9.0,0.0
474.0,2.809149001712796,0.0031197813169035,13.0,59.0,1.5949528875225054,1.7292848251281423,141.5,190.0,10.0,6.0
259.0,3.000155629576518,0.0047433568981985,41.0,20.0,1.1885718590969343,1.8527728039821607,215.5,28.0,1.0,3.0
290.0,1.7960572543263278,0.0341155556536631,55.0,5.0,1.831272265540044,1.5122522299815104,116.5,426.5,3.0,8.0
738.0,2.3614750908716853,0.0303016195102211,46.0,28.0,1.432789981372062,1.0699687408478982,275.0,474.0,3.0,10.0
759.0,2.488744023694989,0.0367557574455868,16.0,44.0,1.6291851236859445,1.218546744185019,183.5,189.5,9.0,2.0
964.0,1.0540499613410668,0.0849124176597169,52.0,86.0,1.561011810258763,1.9480682596880976,417.5,303.5,5.0,2.0
685.0,2.6298900106290213,0.0666410471124838,19.0,35.0,1.996622229924459,1.4825388139042863,471.0,233.0,6.0,0.0
429.0,3.9631285997235306,0.0992644694024702,26.0,57.0,1.7765980476214676,1.1481149721585138,387.5,309.5,2.0,9.0
898.0,3.7856907616660695,0.0061057061108116,52.0,53.0,1.878060665342224,1.0681309485293171,210.0,477.0,2.0,7.0
205.0,2.760480801868346,0.0001775790283626,59.0,96.0,1.3616295585011808,1.39357711179783,48.0,235.5,4.0,1.0
613.0,0.4758473841441462,0.020495625361938,53.0,65.0,1.7959733877925166,1.3152361204042728,311.0,130.0,1.0,10.0
384.0,3.056133382560861,0.0688957575137587,30.0,43.0,1.1271637173582012,1.17530707474885,273.0,327.5,5.0,9.0
714.0,1.1559082446102953,0.0415235284445782,59.0,59.0,1.0617840075966123,1.7716827511537163,56.0,217.5,1.0,4.0
879.0,3.135700199967136,0.076958866563577,31.0,53.0,1.0067286155515367,1.862288663415994,318.5,254.5,10.0,4.0
850.0,1.91013836929897,0.0131400237518863,17.0,38.0,1.7433054070595797,1.1773531383841809,92.0,460.5,8.0,0.0
436.0,3.3503660226154848,0.0649626858830819,13.0,33.0,1.2497428839924287,1.400776801584842,380.0,509.0,1.0,10.0
319.0,1.4667372191740329,0.0825379849334981,35.0,21.0,1.000532300003374,1.9196097331391864,349.5,23.0,1.0,5.0
280.0,2.2204725910460805,0.0418837519914985,52.0,38.0,1.296780079513958,1.4986421510641696,200.5,308.0,10.0,4.0
855.0,0.5077890346682166,0.0546631097649774,53.0,31.0,1.109628559489105,1.7040562069396448,436.5,93.5,10.0,2.0
688.0,3.128055970231144,0.0878965304970361,37.0,27.0,1.0496015502057563,1.1898170073631902,5.5,400.0,8.0,4.0
616.0,1.6229833406598035,0.0003188993722971,51.0,57.0,1.4009454879374794,1.4452111159600465,505.5,26.0,1.0,2.0
413.0,0.1556482536838528,0.0432832706762241,47.0,28.0,1.9907666933859955,1.6319930554625128,93.5,481.5,5.0,1.0
463.0,3.704985021393701,0.0492819466419196,40.0,83.0,1.63521994984825,1.859454062186776,10.5,128.0,3.0,10.0
879.0,2.282104085631721,0.0511234059795696,18.0,4.0,1.3943599070538235,1.3895378950001829,116.0,419.0,8.0,4.0
903.0,0.4706036001663172,0.0019909025169698,30.0,7.0,1.242387319931984,1.4617929033670565,259.5,15.0,10.0,4.0
683.0,2.651254838251065,0.0819229982083225,14.0,46.0,1.003586507796534,1.744888938395789,24.5,204.5,2.0,0.0
800.0,2.6303554016648985,0.0100186676049444,22.0,12.0,1.3053466401899447,1.827070341355533,221.5,177.5,8.0,1.0
212.0,3.939926871548535,0.0198430731040945,52.0,68.0,1.9465298020777388,1.0126222097669173,115.5,220.0,2.0,9.0
750.0,2.065678033647531,0.0738174098668797,39.0,53.0,1.4731539790554358,1.2801391957957955,142.5,461.0,5.0,9.0
264.0,0.9505456365367752,0.06459427861573,22.0,17.0,1.668067188857591,1.722740986081439,275.0,90.0,3.0,9.0
787.0,1.5632270547875633,0.0603779998450174,27.0,80.0,1.3929647483165148,1.5781262356461956,466.5,267.0,7.0,2.0
465.0,2.741031971858148,0.068408191801611,21.0,38.0,1.6661855589386814,1.869230957516752,191.5,133.0,10.0,3.0
812.0,3.8309406879023538,0.0363441438783174,23.0,8.0,1.49089390475502,1.808628480513415,413.0,378.5,3.0,5.0
551.0,1.963989249946484,0.0011412689635965,31.0,91.0,1.957654037315816,1.5062062388380233,201.0,6.0,6.0,8.0
227.0,3.5269340520875208,0.0526089663132686,33.0,34.0,1.540849624335662,1.9760725985646848,9.0,150.5,0.0,2.0
949.0,1.8045434746677995,0.007707360117626,30.0,49.0,1.6293467281872958,1.1443094808883425,186.0,273.0,1.0,0.0
714.0,3.472198069631634,0.0924660167535846,48.0,96.0,1.4049380272060563,1.6320319586769323,245.0,66.5,2.0,9.0
621.0,0.8671708351054446,0.0542791760829549,56.0,13.0,1.74610456286208,1.0750818516734504,212.0,99.5,5.0,4.0
466.0,0.9501182846934132,0.0694136467747404,11.0,46.0,1.9081425778016283,1.659714755150104,92.0,107.5,4.0,10.0
489.0,2.912123038500964,0.0640127664693318,18.0,7.0,1.210692694409229,1.8178523336109929,477.0,229.5,3.0,4.0
678.0,0.4608553903659094,0.0577611021078038,47.0,41.0,1.5636247262740155,1.6212947131692146,421.0,120.5,7.0,3.0
960.0,1.3432795235882695,0.0422740775269628,35.0,99.0,1.8924468147588092,1.2615787090172703,296.0,154.5,3.0,5.0
593.0,2.8724268336248824,0.0984115421813379,59.0,41.0,1.9400717543500048,1.8213081538150575,174.0,304.5,6.0,0.0
632.0,0.5815242052883218,0.058233632579465,29.0,50.0,1.161307070501882,1.2689092113176694,230.5,135.5,4.0,5.0
915.0,1.8566168707735629,0.0364841577990019,47.0,101.0,1.6875480752961507,1.0439841088787087,395.5,440.5,4.0,6.0
211.0,1.6895260961312792,0.0881049702478875,38.0,36.0,1.772742239904451,1.3726203325869464,437.0,150.0,6.0,9.0
387.0,3.085720235892036,0.0830131122287374,32.0,24.0,1.5463768207455688,1.5019999464685654,132.0,37.5,3.0,1.0
221.0,1.2681918055561971,0.0984121456144967,45.0,26.0,1.1797264001262386,1.158616379591377,189.5,2.0,2.0,8.0
672.0,3.2420405909400696,0.0805054048786143,22.0,55.0,1.4511914473825844,1.3553572969027396,151.5,222.0,3.0,8.0
926.0,0.2334720052400096,0.040539222425603,26.0,63.0,1.5197480957079783,1.6207327808173444,483.0,177.5,6.0,3.0
739.0,3.713018665817256,0.0692187113117436,31.0,82.0,1.8314282941099127,1.0585907781252724,425.0,55.0,6.0,5.0
664.0,3.5579424348026536,0.0858068491142842,24.0,70.0,1.9113157568264647,1.2208635437696742,258.0,239.0,1.0,6.0
925.0,0.0735873168744611,0.0892680651337468,22.0,9.0,1.085872430024666,1.5759739696442736,425.5,283.0,10.0,2.0
713.0,0.4610478572382512,0.0886710966868821,34.0,58.0,1.354961594678397,1.9242921903835344,0.0,350.0,8.0,3.0
328.0,1.477946941372508,0.024764820766649,31.0,73.0,1.9102423427584867,1.5229344043913926,503.5,146.0,10.0,5.0
750.0,0.4315546657159022,0.0324286916473831,17.0,38.0,1.3632029826592826,1.6037125248555717,224.5,21.0,1.0,5.0
309.0,2.810342095947422,0.0652042020314275,25.0,79.0,1.658450018240076,1.3029879738883552,406.0,403.0,4.0,1.0
949.0,2.7612741078497307,0.0347529607638557,44.0,4.0,1.0306524422539152,1.2673043635103352,237.5,482.5,8.0,7.0
458.0,2.816638410659233,0.0799903128912045,48.0,7.0,1.3325035089577244,1.2427171939978452,140.5,97.5,8.0,5.0
365.0,1.527983695007508,0.088166095514236,45.0,18.0,1.6253487607042372,1.2051716035899531,288.5,117.0,9.0,3.0
471.0,2.1596571214364606,0.0961498961563179,11.0,92.0,1.003806209460685,1.0109596362602182,2.0,339.5,5.0,9.0
614.0,0.6743832623803963,0.0498460952942288,34.0,95.0,1.2654041517875996,1.3296814795398857,355.0,489.0,4.0,3.0
597.0,0.7983585755486562,0.0754582622044094,23.0,93.0,1.8147148628432976,1.4723518318655433,441.0,392.0,10.0,6.0
825.0,3.2562983750007133,0.0152538340551458,46.0,39.0,1.155744322001898,1.7441458898502602,45.0,57.0,10.0,4.0
272.0,3.1947819963556534,0.0114106091582302,37.0,33.0,1.4402942954937197,1.394817459524306,431.5,77.0,5.0,6.0
584.0,2.877452696353156,0.0530856252095383,15.0,45.0,1.0726849489790156,1.998484314688244,239.5,198.0,2.0,8.0
601.0,1.1338289954820135,0.0371854324278754,38.0,100.0,1.306284230911273,1.1593508688659335,57.0,42.5,3.0,10.0
996.0,1.102363586469477,0.0113009298385232,28.0,77.0,1.3496589665530183,1.5542056464164853,15.0,234.0,2.0,3.0
781.0,0.091798563899121,0.0910570101828171,32.0,99.0,1.7690956503218156,1.3973067480513404,8.0,73.5,0.0,8.0
553.0,1.1682381353679745,0.0972456860469993,52.0,50.0,1.3518979029147102,1.0937280369813225,354.0,0.5,10.0,4.0
513.0,2.9178834325090954,0.0756371551939143,20.0,89.0,1.527901094203052,1.6884228963783934,259.5,234.0,4.0,7.0
799.0,0.5361292357434211,0.0323183990817123,53.0,33.0,1.9065835788823704,1.9786737303068127,50.5,499.0,0.0,8.0
226.0,3.751970378919649,0.013031465758116,27.0,37.0,1.0704974139861512,1.9515216509044189,70.0,263.0,1.0,2.0
625.0,2.0691251344949566,0.091102966212591,56.0,32.0,1.1566198869825604,1.5053249170224423,298.0,409.0,4.0,2.0
854.0,3.626424531339711,0.0688946664632009,21.0,66.0,1.9629399350956327,1.0279264577274074,50.5,256.0,2.0,8.0
806.0,2.516957478811443,0.0666813907749454,36.0,63.0,1.6006002822328886,1.897104455492687,471.5,491.5,0.0,10.0
967.0,2.8755289304111207,0.0701460396317791,52.0,71.0,1.6263883888583268,1.316197132913021,145.5,53.0,2.0,0.0
255.0,0.6959837957230302,0.0914594499043598,21.0,24.0,1.624338103332034,1.603135137810519,503.0,204.0,0.0,0.0
223.0,0.1555912435335584,0.0318807844875459,51.0,17.0,1.1833866581328918,1.6289080708316426,308.0,256.5,1.0,7.0
475.0,0.1708668449506261,0.0627326837973779,51.0,3.0,1.7329301810817967,1.3523590293851973,90.0,402.5,5.0,9.0
273.0,1.0976952349621052,0.0169750831238646,52.0,101.0,1.8912612525782828,1.606174834219254,365.5,203.5,2.0,1.0
413.0,2.0852675955293063,0.0036176444277262,25.0,2.0,1.8794912681346712,1.6813506644014145,376.0,245.0,0.0,0.0
924.0,1.4932915468706662,0.0644630330021514,52.0,79.0,1.6228882878290976,1.2114423854397058,200.0,265.5,8.0,2.0
786.0,1.4263022602541824,0.0586163696373941,46.0,73.0,1.6054520133304409,1.468787057701833,416.0,206.5,0.0,2.0
872.0,3.951891416173628,0.0026089156013542,52.0,8.0,1.7840413219455902,1.1875250689529908,212.0,34.5,6.0,3.0
675.0,0.4763809491593882,0.0535099381520206,13.0,4.0,1.3076458619873086,1.9051814672412648,507.0,292.0,8.0,1.0
944.0,3.555042778414048,0.0833178508610292,36.0,3.0,1.3426141699249168,1.3096513062517476,331.5,480.0,10.0,9.0
992.0,2.3319106782390198,0.0723923270898427,46.0,12.0,1.3148689306311865,1.9684904155552236,154.5,466.0,9.0,10.0
377.0,0.3826140051453017,0.0191096622454119,10.0,50.0,1.886223792002022,1.762386290202269,110.0,402.5,4.0,9.0
765.0,2.71612392025986,0.0351654797021779,57.0,49.0,1.878883805072084,1.136326297116307,220.5,492.5,3.0,1.0
482.0,1.2169573423436535,0.0577763010700484,15.0,78.0,1.4170971304306064,1.810777670126235,79.0,212.0,0.0,8.0
526.0,1.058033560929006,0.0180627998804259,30.0,87.0,1.8013550775441676,1.0702766282153746,72.0,472.0,7.0,10.0
483.0,2.343232712090005,0.0445993870313036,40.0,76.0,1.5493656576243793,1.0719608339603128,94.0,506.5,5.0,0.0
646.0,0.6465323605328117,0.0009777854420925,45.0,100.0,1.355625304254179,1.0682185068847931,101.0,31.0,10.0,4.0
483.0,3.830207127312572,0.0663858334188813,51.0,43.0,1.1920753869362142,1.7394722840649164,312.5,288.5,9.0,3.0
210.0,3.0098639004040804,0.0554372234165742,35.0,39.0,1.7543136014335,1.5874480016482444,336.5,309.5,6.0,9.0
955.0,3.637500751177122,0.0788723489453139,15.0,16.0,1.3910129990182516,1.2179981202901415,72.5,394.0,0.0,10.0
639.0,1.1876252246824146,0.0501049934963927,45.0,48.0,1.0188390703460504,1.1428802641188136,139.5,479.0,10.0,3.0
454.0,3.1090245919937605,0.0933286794905951,10.0,2.0,1.6239787087787303,1.3318760223365245,84.5,503.0,10.0,4.0
286.0,1.6863106125987803,0.0978454663953947,10.0,98.0,1.8155701985968,1.9484518252250824,37.0,185.0,0.0,7.0
448.0,1.0340789075722592,0.0248507927560834,58.0,26.0,1.865162791815191,1.497800624035647,445.0,451.0,8.0,9.0
972.0,3.182710713573381,0.0610521926699216,21.0,95.0,1.8736721479442096,1.0050004596483306,78.5,18.0,4.0,7.0
422.0,0.5670192571399846,0.0939127604593448,31.0,13.0,1.363219476503974,1.0855751509991376,20.5,509.0,5.0,3.0
453.0,0.8045188214260781,0.0245476502396162,44.0,67.0,1.2076121730369231,1.0659045678621406,34.5,465.5,0.0,1.0
266.0,2.2387871089722786,0.0615779548744887,23.0,1.0,1.8541974650596087,1.0829822563423597,151.5,281.5,8.0,3.0
507.0,3.5346086639247125,0.0880798037594629,44.0,75.0,1.7853774405266505,1.4855553994584012,196.0,371.5,1.0,0.0
570.0,1.921922662405176,0.0416952626605664,38.0,61.0,1.8541366283424632,1.7110014577124668,243.5,227.5,0.0,6.0
842.0,0.4269452054717733,0.0318850638690509,55.0,29.0,1.1963461877689618,1.945021662248992,436.0,199.5,5.0,10.0
883.0,3.103090302450595,0.0982626704132686,44.0,33.0,1.3661591026481466,1.1714076992241726,406.5,60.0,7.0,3.0
808.0,3.4321270518064204,0.087315113043118,29.0,55.0,1.5307704173539003,1.9928941092799677,311.5,92.0,5.0,3.0
580.0,3.688920767045353,0.0752904571320862,41.0,97.0,1.4234893600227507,1.843464352826932,449.0,399.5,9.0,1.0
650.0,2.256930673632625,0.0142430368832349,11.0,66.0,1.1343673834203811,1.8399214233219088,394.5,139.5,7.0,0.0
647.0,1.99170214461798,0.0648585430147806,42.0,66.0,1.4753664454168267,1.0064331838674034,20.0,90.5,3.0,6.0
797.0,2.2621279069864477,0.0233544309347473,23.0,89.0,1.1281013445523942,1.7791293237504822,240.5,352.5,7.0,3.0
388.0,1.084513802446724,0.0763162313228801,16.0,49.0,1.8610352468082796,1.697327124647645,256.0,229.5,4.0,3.0
224.0,2.3130967729958507,0.035218103647439,58.0,56.0,1.9649408661100551,1.04201851672581,234.0,346.0,0.0,8.0
710.0,3.7822161910710728,0.0503952787398025,59.0,43.0,1.653642790827707,1.2488411882535186,265.0,11.5,4.0,6.0
414.0,3.5739894157583643,0.0018217099790889,32.0,83.0,1.3343234189279798,1.3710070548628144,156.5,501.0,9.0,2.0
706.0,0.9059522492771288,0.0738175943376956,26.0,99.0,1.370673620062696,1.547242172522712,250.0,151.0,2.0,6.0
543.0,3.852227790522,0.0511675221810886,35.0,2.0,1.4048659531600691,1.260491867770387,121.0,41.0,10.0,6.0
424.0,1.381081310740564,0.0707496887320076,59.0,3.0,1.9072233786623736,1.4781844119405716,339.5,172.0,10.0,4.0
756.0,2.7803118092707875,0.04005038960879,18.0,52.0,1.6432123655013462,1.006304300720983,39.0,18.0,5.0,6.0
930.0,1.3745514574420596,0.0774795895036425,14.0,18.0,1.003745810346437,1.3149512415197186,15.0,461.0,0.0,9.0
794.0,0.1943484993441822,0.0896513715671969,32.0,80.0,1.2454894583116356,1.4754527240683233,25.5,2.0,10.0,2.0
792.0,1.7043813269967174,0.0533352015283706,11.0,38.0,1.908360322528777,1.956492829342459,242.5,96.5,8.0,3.0
992.0,1.9851303059748813,0.0511491062395122,30.0,23.0,1.9729708646998847,1.1413620018800483,286.0,242.5,8.0,5.0
218.0,0.0613250884218525,0.011088396716034,60.0,65.0,1.332626032150327,1.2462969759884706,297.0,50.5,1.0,10.0
439.0,0.3994358362522932,0.0060303255218696,39.0,53.0,1.630892486932401,1.602614932155891,58.5,468.0,9.0,1.0
725.0,3.4393353257759607,0.0172480361794651,29.0,83.0,1.86962832509074,1.9687498078597077,326.5,133.0,4.0,8.0
962.0,2.8203666531454874,0.0782748641366933,25.0,12.0,1.2817577055803202,1.911703975780319,83.5,165.0,1.0,6.0
475.0,3.982756761123077,0.0899943688685705,47.0,91.0,1.4394674676954016,1.5200743665520182,382.5,494.5,10.0,2.0
734.0,3.2267631084747164,0.0960494774323876,28.0,54.0,1.6613830572238304,1.110162048917212,27.5,254.5,2.0,8.0
555.0,1.884109881638977,0.058431233623707,48.0,17.0,1.1398331024898627,1.50499336228825,330.5,128.5,5.0,2.0
641.0,0.4111485852387928,0.0880250451281706,20.0,83.0,1.2223844389745873,1.9080913376980635,186.5,67.5,7.0,10.0
730.0,0.1910403531405906,0.0695259242542374,19.0,97.0,1.4973287232395402,1.2866282812002992,211.0,322.0,2.0,1.0
871.0,2.1058283083058544,0.0513176984583864,53.0,52.0,1.078693640158052,1.3798345398465663,144.5,262.0,7.0,4.0
834.0,2.4430834394515304,0.0126090835500114,57.0,52.0,1.9017110999022555,1.6408329924732237,372.5,156.0,5.0,4.0
640.0,3.4651208607510746,0.0736612589075263,38.0,25.0,1.7038147510729629,1.416952100583511,303.5,267.0,8.0,0.0
976.0,1.0182299004187416,0.0876290769160257,12.0,29.0,1.89344205647882,1.5164185527656595,27.5,224.0,8.0,7.0
804.0,1.6144872348860115,0.0051562951310889,20.0,21.0,1.848226301372136,1.7866731327935537,414.5,340.0,5.0,9.0
408.0,2.8312853451903224,0.0094612220546614,10.0,50.0,1.3391747983565967,1.727426755690009,482.0,213.0,3.0,0.0
746.0,1.895988839305697,0.0801172583252866,10.0,39.0,1.3790913709269563,1.6105317543709876,483.0,36.0,1.0,8.0
567.0,1.5766321599088724,0.0730161786282783,58.0,54.0,1.7552579083681197,1.2926085658916953,17.0,407.5,6.0,2.0
527.0,0.7906076304904066,0.078930911750348,16.0,90.0,1.1235402922642903,1.5530393440949029,350.5,391.0,7.0,9.0
991.0,2.48247173290062,0.0957631886572292,12.0,22.0,1.2825250088470823,1.471596022014953,87.5,320.5,4.0,8.0
322.0,0.7402136307842357,0.0979810939981443,25.0,6.0,1.3249593956660757,1.0220237429375707,477.5,444.5,3.0,9.0
824.0,2.3748060056273164,0.0430325948839958,44.0,89.0,1.427543471502406,1.2867452893851272,67.5,469.0,9.0,4.0
855.0,3.32856357246116,0.0951702467633101,20.0,15.0,1.5802947128235507,1.9253765468259936,249.5,363.0,7.0,6.0
430.0,1.817994859073428,0.0508541070068083,27.0,90.0,1.5058831909586812,1.4251082632351548,75.5,351.5,1.0,0.0
414.0,0.627008495050601,0.020595454903448,25.0,36.0,1.2693452966379022,1.760044417887625,120.5,141.5,8.0,0.0
760.0,0.329080470951923,0.0402530246222939,11.0,35.0,1.8680617326256337,1.673474490035701,483.5,87.0,4.0,10.0
849.0,2.3495773022828894,0.0378344801862446,10.0,82.0,1.985011848720956,1.116269762073215,264.0,262.0,7.0,6.0
242.0,1.541992287452942,0.0247288754930312,25.0,40.0,1.2016245193480883,1.0349604913497412,160.0,2.5,6.0,3.0
337.0,1.208838265198986,0.0742272549020045,36.0,78.0,1.9018401379890024,1.0906284961024917,329.5,217.5,5.0,1.0
832.0,1.2348365752037918,0.0499980579678098,36.0,27.0,1.668415298964926,1.7976790232543125,437.0,118.0,7.0,6.0
807.0,1.6216163880307457,0.0870982151474733,60.0,55.0,1.747755298599743,1.9277285717164727,449.5,93.5,8.0,10.0
385.0,2.6457221939809776,0.03345597031675,22.0,16.0,1.4940346791071752,1.4797725401481432,469.0,270.5,7.0,10.0
647.0,3.5915155897278392,0.080888850344342,38.0,43.0,1.2252770961078547,1.7616102938586184,228.0,263.0,7.0,5.0
484.0,1.8543558953229304,0.0005730142530018,41.0,101.0,1.4784077915562217,1.6449726747455395,507.0,255.5,7.0,0.0
715.0,3.013331630755954,0.0517155016171624,25.0,88.0,1.190788678733875,1.397895723574113,112.5,99.5,9.0,0.0
326.0,1.2851063343499884,0.0684305880798401,22.0,19.0,1.8739820724973928,1.9218915761286917,23.0,282.5,3.0,0.0
701.0,0.4244647503990211,0.0909568046221301,35.0,61.0,1.0957166863751646,1.7702943959137931,184.0,6.5,6.0,1.0
235.0,1.7300800785649133,0.0815050528643126,43.0,34.0,1.5055690171974416,1.4737973162664066,326.0,207.0,10.0,6.0
914.0,2.112973001194693,0.0661114996711566,40.0,16.0,1.7504067531738168,1.1832253602190903,453.5,437.0,5.0,7.0
286.0,0.4243461599960705,0.0244877884137906,37.0,53.0,1.6504043685230514,1.5549199974332513,311.0,280.5,9.0,0.0
424.0,2.269690645002923,0.0715658684162553,32.0,47.0,1.1781763557771092,1.8591327629146432,115.5,208.0,4.0,5.0
708.0,0.2948788071461199,0.0745350907837447,14.0,18.0,1.497057179418425,1.780957557257988,459.5,86.5,8.0,2.0
272.0,3.5612020314666206,0.0726096877071542,58.0,75.0,1.4532969240557962,1.82188092882066,234.0,79.0,4.0,0.0
922.0,3.4020069905162176,0.0304022666116955,57.0,81.0,1.905539983857024,1.492730830939569,158.5,450.5,9.0,6.0
583.0,3.395840907372734,0.028009400818514,34.0,32.0,1.9874699477460307,1.7457977039374812,464.0,323.5,3.0,4.0
289.0,1.4294964098470886,0.084260310422086,39.0,67.0,1.764179578350802,1.269894376744504,390.5,142.5,8.0,0.0
288.0,3.954489950493632,0.0219151043810488,31.0,45.0,1.3851735245866788,1.8088651539556115,252.0,48.0,9.0,0.0
418.0,0.0804260358526915,0.0154194415641696,42.0,40.0,1.3758279801745172,1.4063296432715129,44.5,477.0,0.0,6.0
915.0,3.734063066844836,0.0591254852566167,49.0,8.0,1.6068057154275217,1.8586427030505492,409.5,159.5,3.0,1.0
592.0,1.5097782879177686,0.0055490235854941,40.0,48.0,1.0732776027863318,1.1352775263068746,323.5,275.0,8.0,10.0
439.0,2.537433256196345,0.028346462173943,46.0,33.0,1.3024248295559575,1.1604520937284877,481.5,228.0,6.0,10.0
847.0,1.6442655972062536,0.0182065494972182,41.0,33.0,1.0200543546152825,1.607992289797512,337.5,299.0,8.0,10.0
523.0,3.213962656997865,0.0765835631570815,49.0,7.0,1.9026710502572544,1.7714993593500383,44.0,186.0,5.0,3.0
637.0,0.3144826443146873,0.0333757562970963,40.0,1.0,1.4980356674719324,1.2761267258867317,196.0,85.0,10.0,6.0
674.0,1.3295700198977929,0.0444909955276927,51.0,88.0,1.755983576258375,1.9069681940820995,131.5,495.5,7.0,1.0
849.0,0.2272576240220534,0.0799411140999661,43.0,86.0,1.4651554521623604,1.9619313173742887,200.5,311.5,4.0,0.0
893.0,3.1396454243484437,0.0520466157203081,42.0,6.0,1.347168840444214,1.529198924372829,151.5,267.0,3.0,6.0
656.0,2.214265239385501,0.0621464692516316,16.0,65.0,1.44546813328153,1.1470356800751698,250.5,40.5,1.0,9.0
816.0,1.728861108003198,0.0505072362891263,46.0,38.0,1.14701907208954,1.4730339227579536,228.0,102.0,0.0,9.0
218.0,0.7037820240247816,0.0953190756789046,32.0,95.0,1.1101891946649851,1.0841986515443591,23.5,7.0,3.0,0.0
348.0,1.289368139455851,0.0112103738421562,58.0,74.0,1.9939313843598807,1.0627904513971855,452.5,125.5,4.0,0.0
778.0,3.688214993284284,0.0991465213995272,17.0,63.0,1.1782505846178215,1.36974697323816,25.5,142.5,0.0,7.0
629.0,3.817630241939247,0.0042119464095167,21.0,84.0,1.250520211670128,1.0023535141948123,314.0,244.0,2.0,6.0
433.0,3.662208021066192,0.0182217656328771,23.0,7.0,1.6242471247627497,1.4968830970214722,13.0,304.5,1.0,4.0
559.0,2.075794667275132,0.0447707466560909,21.0,27.0,1.6441512515640564,1.9527185348513183,185.5,259.5,0.0,6.0
860.0,0.962346264554422,0.0808695124823202,17.0,85.0,1.7334117021693252,1.679686700490579,354.0,70.0,8.0,2.0
345.0,0.0459608390432992,0.0384921812979063,31.0,85.0,1.602338331477986,1.555632205429306,152.0,401.5,6.0,5.0
582.0,0.7932715908341632,0.0109892336082245,58.0,40.0,1.7115686462567954,1.078227693152912,363.0,342.0,2.0,7.0
880.0,3.652034681600192,0.0392745539363305,27.0,83.0,1.328350571970697,1.7977284105038396,501.5,58.0,10.0,6.0
940.0,3.994580012073483,0.0205910552327729,22.0,10.0,1.756513930209012,1.7882686206045015,303.5,199.0,1.0,6.0
635.0,3.783250571088714,0.0231643325573676,24.0,44.0,1.4041720625939669,1.414442616807468,299.5,384.0,7.0,6.0
813.0,1.4075815724524254,0.0531562735125159,56.0,37.0,1.85672717859042,1.1159121232896267,482.0,88.0,6.0,1.0
748.0,0.6225324778876966,0.0617764668625063,48.0,6.0,1.7244439704520915,1.605512223453064,66.5,181.0,1.0,5.0
985.0,1.97534364864357,0.086591047881106,46.0,45.0,1.3843606210835615,1.1855582755728438,373.0,94.5,6.0,10.0
641.0,0.2103256370191903,0.0031018311458866,22.0,62.0,1.9162560128455768,1.7763840957464792,356.5,173.5,2.0,10.0
630.0,3.4941231501304952,0.0237960615984086,22.0,17.0,1.9509826431750132,1.3811886460952003,80.0,160.5,10.0,8.0
287.0,2.3656299547353634,0.0436355945184072,21.0,21.0,1.004850575482926,1.3944397292676791,251.5,103.5,6.0,9.0
936.0,1.4535919491541454,0.0056319890180295,58.0,44.0,1.7128062267479471,1.2690115511719997,404.0,52.5,2.0,8.0
832.0,3.508707165790613,0.0994173069783423,11.0,99.0,1.7918057807803858,1.0401385474346538,481.0,386.0,5.0,1.0
593.0,1.080873546473201,0.0575661174852007,17.0,34.0,1.925034777496669,1.6957082079098451,274.0,101.0,9.0,1.0
963.0,3.9965365629456,0.0209108708003718,19.0,86.0,1.7202801003914274,1.6959256614181482,415.0,405.0,10.0,1.0
940.0,3.1467170645746365,0.0879963658039392,19.0,88.0,1.635725869605989,1.904945694666479,335.0,173.0,4.0,10.0
649.0,1.09690361697538,0.0451918245058489,46.0,87.0,1.09712386021488,1.0031772871756748,398.0,447.0,5.0,10.0
822.0,3.267012743194585,0.0651188126346129,20.0,92.0,1.6442087985059366,1.0998303080753702,459.0,483.5,8.0,10.0
852.0,2.534602796371228,0.0330003308330798,42.0,57.0,1.8118266171491728,1.762154221958967,77.5,22.5,0.0,5.0
519.0,1.9870336968474251,0.0547130493581622,11.0,49.0,1.5677524594091252,1.8510476255931017,49.5,300.0,2.0,4.0
373.0,0.048743005519876,0.0038162758758525,48.0,83.0,1.8215279117190664,1.3840079505653913,367.0,64.0,7.0,1.0
855.0,1.9693582126053628,0.0882679848992076,33.0,12.0,1.7817445009227386,1.4862962218500584,426.0,3.5,8.0,7.0
430.0,3.470882184342048,0.0942404968758349,56.0,34.0,1.6397113511521304,1.8443352588855808,13.5,187.5,8.0,6.0
587.0,1.7251178841340074,0.0977000538680311,24.0,4.0,1.1721547155344818,1.1192017017636335,325.5,263.5,2.0,1.0
991.0,3.400474488779883,0.0671436440350792,36.0,84.0,1.3773437896666574,1.7849093715162887,119.5,330.5,1.0,4.0
248.0,3.70510062260318,0.0964824707169286,36.0,72.0,1.8824804383395084,1.717632071533314,84.5,235.0,1.0,7.0
575.0,1.0330142385994403,0.0835180059997318,50.0,46.0,1.5536711398405554,1.832945129667181,201.5,384.5,4.0,8.0
835.0,2.015400164773808,0.0668160629265104,55.0,101.0,1.906336803824478,1.5167287957396955,419.5,474.5,8.0,10.0
800.0,0.3725945592744408,0.0378617661775721,33.0,53.0,1.3759372717811151,1.241067860331966,122.5,332.5,8.0,10.0
980.0,0.2635516600394552,0.0684738476721801,20.0,76.0,1.6521989436021256,1.9990757056639523,171.0,87.0,2.0,1.0
466.0,3.9097259928307024,0.0788792299362741,26.0,59.0,1.6231548724761478,1.451816188728393,258.0,468.0,8.0,6.0
206.0,3.1939841062945944,0.020180778646904,50.0,59.0,1.7915803868652118,1.7649670339927126,387.0,238.0,2.0,0.0
876.0,1.12746801171625,0.0275427597972789,20.0,78.0,1.5581670205268554,1.448414163494188,355.0,147.0,0.0,1.0
400.0,2.765038411095606,0.0631746834606747,48.0,76.0,1.488303795382833,1.201164985080634,281.0,58.0,10.0,6.0
618.0,1.2548633722377356,0.0327572908488555,35.0,18.0,1.4600717943753485,1.0180635680115788,160.0,375.5,0.0,3.0
287.0,1.6906901167836563,0.0815056481933569,57.0,86.0,1.888827385681512,1.68668596683051,255.0,268.0,2.0,10.0
301.0,0.7031327494866213,0.0687156483040753,20.0,75.0,1.088294913722676,1.962249157816994,464.0,61.0,6.0,10.0
671.0,0.47645030096067,0.0718403196669984,31.0,88.0,1.5542344407648954,1.6127035552437397,203.0,376.0,1.0,10.0
931.0,1.5065727998317473,0.048358626144273,34.0,20.0,1.9884908200298548,1.0849027946620444,208.0,185.0,3.0,6.0
823.0,1.6597874599311209,0.0591615263978561,36.0,90.0,1.6982182028161923,1.169532932013155,366.0,310.0,10.0,7.0
368.0,2.759067696870269,0.063499994040472,40.0,54.0,1.807854301953428,1.5124562396375931,241.5,3.0,3.0,7.0
517.0,2.8680777101115944,0.0009666850534855,26.0,82.0,1.7880588024437327,1.9316333334367892,499.5,267.5,8.0,6.0
632.0,0.436373199048047,0.0172907525779174,27.0,6.0,1.1541210026908917,1.3348112776371386,29.0,271.0,8.0,3.0
956.0,1.628724836801938,0.0969355284310796,59.0,6.0,1.4442791920607192,1.83735481749152,123.5,430.5,9.0,8.0
575.0,1.8966631566713572,0.0256128797090967,21.0,22.0,1.382252978124653,1.3869013296684949,161.5,311.0,0.0,2.0
644.0,1.2137438527193627,0.0040456876929614,28.0,42.0,1.363163917521901,1.3749768213997742,499.5,253.5,5.0,1.0
483.0,2.224208748550222,0.0508095800413185,48.0,11.0,1.61455536829697,1.9889703859077537,390.5,306.5,10.0,0.0
913.0,2.1026892073901835,0.0576271578063879,47.0,65.0,1.109544772791799,1.2212278469740323,480.5,118.5,8.0,9.0
737.0,3.799997857166217,0.072681625928413,20.0,18.0,1.9644217798154535,1.942233053911349,51.0,149.0,8.0,2.0
674.0,0.683143015419335,0.022094498515542,32.0,96.0,1.3532433361997211,1.8210912196925275,265.0,199.0,9.0,4.0
523.0,1.485249047986517,0.0793755202102018,57.0,62.0,1.7002354671035866,1.841459213687049,95.0,337.5,9.0,8.0
638.0,1.802474583157363,0.0965957519388818,13.0,100.0,1.651445092746486,1.5066523150183269,293.5,425.5,6.0,9.0
626.0,1.29922510780094,0.0263422936768643,28.0,56.0,1.4866161750080114,1.0452436434570505,379.0,300.0,6.0,2.0
447.0,2.904969116054957,0.0040433450528339,33.0,8.0,1.460403619892905,1.017555576440908,62.0,480.0,0.0,1.0
657.0,2.0275152674608585,0.0847974510068891,17.0,29.0,1.2899164521087068,1.3942796412950589,345.5,411.5,7.0,4.0
310.0,0.6362654058404211,0.040121102284466,58.0,28.0,1.4443779030841488,1.2726355512599992,185.0,175.0,3.0,5.0
683.0,2.6810887177238296,0.00689598023163,37.0,9.0,1.2422396890105722,1.123304622770076,450.5,145.0,5.0,7.0
510.0,2.071434076712295,0.054172814481919,11.0,94.0,1.3383516404345874,1.8315903847592705,388.0,65.0,10.0,5.0
721.0,1.514275426527644,0.00349436145833,16.0,61.0,1.5322527730194893,1.9157451397736671,318.0,425.5,10.0,9.0
748.0,3.497822909898576,0.0181891555874169,25.0,51.0,1.5423010650884323,1.6082979051185369,0.0,333.0,10.0,3.0
736.0,1.9271178424053752,0.0175190850721362,16.0,56.0,1.3308921233054742,1.5627532143172354,223.0,236.0,5.0,7.0
997.0,0.8717555175834688,0.0908491089711331,32.0,49.0,1.752088613368537,1.239061418015542,509.0,237.0,3.0,2.0
800.0,3.918701801484274,0.0693625229726219,32.0,76.0,1.7216372995810856,1.7348524633302076,181.0,435.0,1.0,9.0
219.0,0.5816027997108906,0.00850742473544,18.0,59.0,1.2156973251922096,1.7411255968409969,509.5,442.0,1.0,7.0
322.0,1.530133503079643,0.0476684775127239,48.0,46.0,1.1522441947467543,1.4068003211935696,368.5,202.5,8.0,1.0
343.0,0.0944645885553021,0.0998630653672914,21.0,32.0,1.8786254029396536,1.792576774131886,81.5,237.0,1.0,10.0
719.0,3.909160231293679,0.0584109581637692,55.0,95.0,1.627870327960126,1.2848831192012846,83.0,165.0,7.0,6.0
393.0,1.161087647557033,0.0037543189429062,13.0,1.0,1.382283073739078,1.6471515423845258,336.5,354.5,7.0,9.0
600.0,3.569007155204972,0.0748586198631571,52.0,65.0,1.0036318507125574,1.9611764482626983,334.5,47.5,1.0,7.0
683.0,3.122573126842701,0.0863408883619027,20.0,90.0,1.272469697360428,1.5617147665005064,460.0,270.5,8.0,9.0
494.0,1.7460210536415075,0.0904039893323652,36.0,39.0,1.1353108406424863,1.026619749002172,151.0,303.0,1.0,3.0
714.0,2.1005898248288184,0.0053957269395588,33.0,70.0,1.848973039750316,1.6352186412692615,292.0,158.5,8.0,0.0
777.0,0.8710332442838848,0.0162092349819069,54.0,2.0,1.5132784504018095,1.910843624396782,368.5,168.0,4.0,2.0
860.0,0.1566847522857712,0.0163722087989527,19.0,32.0,1.1996181283168776,1.5440596992092477,169.5,457.0,6.0,7.0
471.0,0.6029246762726772,0.024024919442759,50.0,8.0,1.4895507156373822,1.5049711107826984,280.5,194.5,0.0,6.0
897.0,2.5175064848529995,0.0188633923324782,20.0,11.0,1.932693415746034,1.171854308351265,438.5,50.5,0.0,5.0
397.0,1.7471984796183846,0.070263635832949,60.0,62.0,1.8068550409290665,1.5451713037300174,9.0,367.0,3.0,4.0
654.0,0.9014525905133676,0.0317732330568184,14.0,8.0,1.4070195620445842,1.3509544465590666,165.5,137.0,2.0,10.0
424.0,3.7604391027830175,0.0549172921606932,51.0,9.0,1.0206983100287337,1.065204688826506,18.0,370.5,3.0,5.0
511.0,2.9149601732121786,0.0384736862377316,20.0,45.0,1.5703228402573313,1.112130511796004,476.5,486.0,8.0,4.0
611.0,1.7485377626249656,0.0099655713713609,23.0,56.0,1.585658919564647,1.2620541408929409,11.0,448.0,8.0,9.0
834.0,0.0277479109413567,0.0154084111647305,44.0,67.0,1.7564913884394755,1.8173808056542329,218.0,284.0,8.0,6.0
306.0,1.1945241392785224,0.0221107653427598,34.0,29.0,1.8594088160675204,1.2748536899162315,78.0,429.5,7.0,2.0
607.0,3.722733877269997,0.0296101680583464,40.0,45.0,1.675419695367368,1.6430465269241343,430.0,231.0,1.0,0.0
814.0,3.102546043274657,0.0498930198029282,47.0,48.0,1.400361953190237,1.9605899746828523,482.5,297.0,4.0,2.0
404.0,1.316914609020868,0.0379302597640549,50.0,84.0,1.1548195187868076,1.2289825022391336,407.5,439.5,2.0,5.0
564.0,2.6267462376284376,0.077093376137771,28.0,64.0,1.138052100417211,1.9861612113501863,107.5,337.0,7.0,9.0
949.0,1.556382671033703,0.0653937809920355,48.0,42.0,1.2299537372525702,1.0704813024768547,498.5,12.0,3.0,1.0
588.0,3.9689005912089934,0.003369878223877,40.0,54.0,1.4878714082519946,1.973515896194669,387.0,494.0,6.0,4.0
473.0,1.4499680406233528,0.0275872011888119,60.0,37.0,1.4588504722503397,1.8018355509748245,160.0,405.0,10.0,6.0
998.0,3.5697333761943173,0.0083550676830683,47.0,38.0,1.3791850099719167,1.3580798441939277,196.5,273.5,4.0,6.0
354.0,1.3100814791926982,0.0089247220248102,59.0,35.0,1.452087337362498,1.3679690126526445,39.5,196.5,5.0,2.0
970.0,2.6524380561419383,0.0548742865134216,31.0,87.0,1.0927129867779408,1.7779939824664284,150.5,363.5,10.0,3.0
254.0,2.866386757764919,0.0699051691635169,33.0,75.0,1.521919114776576,1.4314635934364155,205.5,199.0,0.0,7.0
894.0,3.48570050011442,0.0517813086369536,21.0,93.0,1.6590343285423113,1.6666059301710885,232.5,506.5,0.0,7.0
980.0,2.743170935523111,0.0585651072307576,22.0,41.0,1.0712715445120562,1.7505927639485674,381.5,468.5,8.0,1.0
426.0,0.814360768600165,0.0454590571732305,16.0,61.0,1.7900882348193137,1.3024329100054055,101.0,109.0,4.0,0.0
385.0,3.298796844921913,0.0015564700226257,16.0,24.0,1.7616702836112617,1.0179686432716406,447.0,461.0,4.0,1.0
316.0,3.86120556080869,0.0952996224954375,27.0,48.0,1.4165901188726528,1.8863119412884937,463.5,365.0,6.0,9.0
674.0,0.2597850675049935,0.0120174004080465,25.0,24.0,1.9218977263326344,1.783166670808758,41.0,441.0,0.0,5.0
774.0,0.195277608270358,0.0350943097532212,35.0,77.0,1.6264359537213098,1.3390544520136411,503.5,361.5,6.0,3.0
359.0,0.0332773991189347,0.0164107318923489,27.0,99.0,1.880951006974125,1.538668002567575,217.0,397.5,4.0,3.0
917.0,2.963194282833692,0.0072599816690747,16.0,64.0,1.91975277162126,1.5080951722006437,191.5,140.0,9.0,0.0
453.0,1.0099148115456305,0.0193543171735355,45.0,81.0,1.0256789960302548,1.300416405030032,483.0,451.5,5.0,7.0
845.0,3.7123400024662967,0.014591035135738,14.0,62.0,1.6015601828559751,1.115968476080361,506.5,491.5,9.0,3.0
968.0,1.445126261404433,0.0066186437076562,45.0,4.0,1.475014165210772,1.8331616382481568,210.5,305.5,0.0,10.0
854.0,1.2109008134756576,0.0879892704036089,25.0,40.0,1.2055566710654202,1.329214550754142,73.5,294.5,8.0,7.0
527.0,0.7245018429424683,0.0227287098063918,44.0,15.0,1.3306281911646425,1.5029074227059709,40.0,490.5,1.0,9.0
978.0,0.023786047492341,0.0263551647135856,25.0,81.0,1.1464122302436397,1.924429964888126,281.0,416.0,2.0,4.0
793.0,0.9230708878869862,0.0501678421904971,40.0,14.0,1.31708675815389,1.0226311771697516,501.0,129.5,9.0,6.0
865.0,1.5781377719335523,0.0619137803281758,51.0,43.0,1.939416467438663,1.1299065842426388,75.5,38.0,2.0,6.0
744.0,0.4916605359398343,0.0883130639674191,41.0,99.0,1.997866643687518,1.957996305768163,486.5,326.0,10.0,2.0
961.0,0.2835827823519516,0.0169365353978588,51.0,54.0,1.795148316450689,1.779422171043744,105.5,357.5,7.0,0.0
274.0,0.8672243360878937,0.0824774129641706,18.0,90.0,1.1680040047936138,1.0826309301029091,479.5,94.5,2.0,7.0
711.0,1.1867089742064012,0.0504996373760334,58.0,96.0,1.7579356566552755,1.4461148745581216,178.0,56.5,5.0,0.0
929.0,3.3591989452474933,0.0182591886954517,20.0,50.0,1.6708867302659982,1.0917866133591922,154.5,290.0,3.0,2.0
989.0,0.6778413344141425,0.0470209500820488,10.0,39.0,1.3479479765578792,1.9768279144071197,404.0,402.5,1.0,9.0
414.0,1.6105078512126227,0.0712372498750402,29.0,32.0,1.1742529922048908,1.3243053602454593,159.5,405.5,4.0,6.0
418.0,3.433611171176492,0.0133522669075844,19.0,96.0,1.3546865671851565,1.611478431062694,135.0,212.0,4.0,0.0
385.0,1.6416200527774918,0.0827724933725883,46.0,82.0,1.08312011857091,1.1566585480098066,265.5,103.0,9.0,10.0
423.0,2.444991050196267,0.0110092764471233,11.0,91.0,1.2301131423025875,1.2107386091026902,258.0,20.5,3.0,2.0
374.0,0.2536783419651249,0.081681209044944,20.0,7.0,1.8931826374485037,1.1881525136302034,457.0,356.0,0.0,1.0
471.0,0.0507060434874691,0.08246687924656,57.0,24.0,1.4578994003074124,1.620156503435057,238.5,71.5,6.0,7.0
251.0,3.2419094014888654,0.0333975632971353,13.0,95.0,1.7950837561590447,1.5266345126012426,209.0,254.5,5.0,10.0
500.0,1.5356740075288426,0.0356599238683807,13.0,15.0,1.0394097447344213,1.8058490737352224,173.0,69.0,3.0,6.0
211.0,0.8673626340124185,0.0783718979715709,55.0,94.0,1.6974386094171283,1.111755456204944,414.0,50.0,6.0,8.0
266.0,2.542723083237877,0.0745426954437065,47.0,17.0,1.489421162242495,1.6474755227534723,418.0,408.0,4.0,5.0
658.0,3.211258909412242,0.0309895071212567,13.0,85.0,1.085703800773623,1.6563460141749125,381.5,278.0,3.0,8.0
568.0,2.1878579489623697,0.0122524012722639,29.0,59.0,1.477512105224409,1.7540129067544996,204.5,372.0,7.0,9.0
732.0,2.54489139812974,0.0477845931467764,41.0,85.0,1.3044223261715813,1.2836506143170294,511.5,313.5,1.0,7.0
372.0,3.1403051837433416,0.0255061848888603,34.0,27.0,1.625960654896026,1.336011798926291,177.0,100.5,3.0,10.0
383.0,1.0465537304544306,0.0501166684303574,10.0,10.0,1.4417034898581482,1.519711703138834,260.5,152.5,0.0,4.0
284.0,0.4723118157999479,0.0404359449652068,57.0,53.0,1.0000378847179032,1.7387478075661709,79.0,486.0,6.0,8.0
937.0,1.2117925902897817,0.0885362991217532,53.0,6.0,1.826308335460692,1.1120400970525406,151.5,329.0,9.0,6.0
415.0,0.7271662756838153,0.0222105502285819,43.0,60.0,1.154605019227972,1.6461192420837616,222.5,152.0,0.0,6.0
622.0,3.063849678764593,0.0451899293393796,12.0,56.0,1.49028067375939,1.208283553987792,258.5,193.5,2.0,8.0
636.0,1.2054847783191884,0.0889339115977439,14.0,48.0,1.8935717587864256,1.686426329084862,406.5,156.5,2.0,1.0
810.0,2.2528777447746244,0.0229460266143556,31.0,4.0,1.8943060359334971,1.676123141621512,33.0,395.5,2.0,4.0
671.0,3.309591656077273,0.0027690664041402,36.0,5.0,1.3536528345980878,1.370303532107799,298.0,465.0,4.0,10.0
681.0,1.4645997995616449,0.0633618224410966,33.0,28.0,1.287996013348523,1.6680280427432743,55.0,191.5,5.0,0.0
586.0,3.707154030905283,0.0843446739132242,23.0,99.0,1.4735714870869527,1.858043081708044,261.5,35.5,4.0,10.0
910.0,3.833808770419699,0.0597551897125835,39.0,29.0,1.4503293459169695,1.2497771198804577,250.5,387.5,3.0,7.0
867.0,1.1748172334696747,0.0953365498361644,36.0,85.0,1.23918010033856,1.9852454668604251,62.5,183.5,2.0,0.0
654.0,3.566845999392088,0.0492729245241886,27.0,26.0,1.2119909058872285,1.379295684368356,102.5,296.5,3.0,8.0
778.0,0.2125441787029132,0.0948532407575464,16.0,38.0,1.8205280042051672,1.4525169018222588,413.5,202.5,9.0,7.0
421.0,2.357683958563112,0.0267934051071278,54.0,74.0,1.4853181150774677,1.2272660001323958,164.5,500.5,10.0,9.0
891.0,2.814649808403562,0.0962657772905325,40.0,82.0,1.56399459447718,1.9647122010938167,442.0,366.0,5.0,2.0
934.0,0.069619009376554,0.0702415549207934,33.0,66.0,1.646573748162617,1.10762648908281,174.0,264.5,6.0,5.0
928.0,2.3618590386484786,0.0834219442406365,59.0,84.0,1.8204698286049688,1.1360281955376377,256.0,335.5,3.0,2.0
751.0,3.406354120622994,0.0517411996850048,52.0,21.0,1.6111593900832455,1.620798646342766,110.5,94.5,3.0,4.0
264.0,2.4732739129554213,0.0314566130823074,60.0,82.0,1.833713471167556,1.1974835815103098,447.0,507.5,2.0,5.0
262.0,3.690352137828449,0.08615144563375,35.0,100.0,1.580911945460553,1.2072520580105088,198.0,196.0,2.0,4.0
465.0,3.537152080878358,0.0165161142922945,42.0,8.0,1.8536701020714328,1.8523676007257617,280.0,388.5,8.0,5.0
773.0,2.7769803816233045,0.0984438986291503,40.0,66.0,1.988340889637973,1.89978195700508,80.5,336.5,3.0,1.0
599.0,0.6670572949846143,0.0194524653075794,38.0,77.0,1.5608004654521723,1.3963469714774377,41.0,465.5,3.0,6.0
861.0,3.193314923586746,0.0051243937961729,59.0,96.0,1.60553429646439,1.0168047579482344,148.5,422.0,1.0,6.0
920.0,1.0233102517755417,0.0098361071663911,40.0,83.0,1.1233202319012117,1.1306683141742964,112.5,158.5,10.0,5.0
694.0,3.01474373212184,0.0261874502806654,28.0,60.0,1.8957460698909736,1.1379961334714204,366.5,313.0,6.0,7.0
576.0,3.2758698961524546,0.0934460401992809,40.0,96.0,1.0852240385841427,1.45164544416973,131.0,467.0,0.0,9.0
566.0,2.7655606541157907,0.0850969954484061,17.0,6.0,1.6658073295806564,1.22456304819326,234.5,476.0,0.0,10.0
871.0,0.1776955276422027,0.0319487744561165,31.0,66.0,1.2417014437076732,1.9591293507786447,470.0,212.5,5.0,10.0
773.0,1.0694531144482786,0.0550442017594979,53.0,12.0,1.2997871196842468,1.6468234569188798,337.5,403.0,5.0,0.0
785.0,1.8600999478727225,0.0304452982676342,10.0,15.0,1.7974550388138797,1.6326239067978414,383.0,483.0,0.0,2.0
968.0,3.799759503260879,0.0521484244409644,36.0,87.0,1.724840847696261,1.4726756565216823,351.5,77.0,6.0,1.0
798.0,2.202176218218423,0.0843158174283107,42.0,45.0,1.429905626360183,1.2348717142417684,484.5,220.0,2.0,10.0
965.0,2.63794926420327,0.0432457861309924,44.0,26.0,1.7763286005792798,1.7644111475143869,42.5,175.5,0.0,2.0
275.0,2.5790230491912065,0.0941342110359093,42.0,51.0,1.851566267693171,1.1942666441279275,484.0,138.0,9.0,6.0
804.0,2.7067780526323086,0.0729948713178805,15.0,100.0,1.2143479500210703,1.6413821884080106,267.5,354.5,8.0,0.0
887.0,0.7259195810233967,0.0512348653199859,37.0,30.0,1.7897343014334433,1.1862052251585349,15.5,361.5,0.0,0.0
427.0,2.965242985522951,0.0415733149133794,55.0,9.0,1.1556922271760124,1.2114573200982508,142.0,312.5,0.0,1.0
533.0,2.523276156516704,0.0608262646431694,25.0,59.0,1.4695323803422773,1.5350547970086543,117.5,375.0,5.0,7.0
299.0,0.0777502979264288,0.0784342619770262,36.0,63.0,1.8264888329785376,1.3541762072051422,24.0,185.5,9.0,1.0
456.0,2.4375457300606027,0.0928063207634191,31.0,100.0,1.9789104030510896,1.5816538395967434,427.5,422.0,7.0,9.0
390.0,3.1761250817309747,0.0428560889489043,40.0,22.0,1.34847147740367,1.965816903142747,459.0,329.0,0.0,2.0
565.0,1.2960645463187723,0.0332867726122665,33.0,30.0,1.316424517954419,1.914108433063637,191.0,80.5,7.0,5.0
577.0,0.4546489000683706,0.0171385973099732,45.0,11.0,1.0189758655450134,1.01776960983151,2.5,116.5,0.0,0.0
697.0,0.1531417736051095,0.0868830755202332,32.0,78.0,1.5105415272368907,1.740087924998155,72.5,189.0,0.0,5.0
612.0,2.832066299949344,0.0701577500447473,18.0,16.0,1.3703724723768609,1.3109123606792883,172.5,423.0,6.0,7.0
699.0,2.55054310108046,0.0793619892871186,41.0,25.0,1.81364994820987,1.9225148799489784,440.0,375.5,0.0,3.0
870.0,3.705155702327232,0.0871896642160921,15.0,1.0,1.4619152092964818,1.160741935970634,474.5,161.5,4.0,7.0
768.0,3.067480055762435,0.0034164182975685,41.0,3.0,1.3109211364604634,1.2707539363242149,125.5,307.0,0.0,1.0
335.0,2.370503274506534,0.0236444091066251,41.0,84.0,1.660468894031467,1.8173317827098536,328.0,358.5,9.0,7.0
468.0,3.3951538625183484,0.0750535603369285,29.0,90.0,1.3258178315926838,1.8753268840836916,187.0,311.5,1.0,5.0
395.0,1.4520675252430393,0.0536836156395039,35.0,63.0,1.501805617313159,1.8307451726718709,299.5,193.5,0.0,7.0
227.0,1.9055490485991136,0.0857662567110937,27.0,3.0,1.3823491579965048,1.5294406537506553,350.0,42.0,10.0,1.0
869.0,0.7050056001046587,0.0974586924562781,21.0,6.0,1.6445043961080517,1.00386516687802,270.5,222.0,2.0,5.0
427.0,1.5440667847546217,0.078275728651027,32.0,5.0,1.4746502507321666,1.7225853541229146,60.5,187.0,7.0,3.0
1000.0,1.9013789616405317,0.0580807799730441,53.0,39.0,1.8431803968562224,1.9338350790938013,263.0,496.5,6.0,9.0
574.0,2.987654440410513,0.0721557538041434,39.0,51.0,1.8309054306066583,1.269654840744325,114.0,471.5,4.0,0.0
663.0,3.736921802769969,0.0716500255209925,51.0,48.0,1.208604237596256,1.835516327737822,425.0,498.0,7.0,4.0
864.0,2.805478163874699,0.0957047002658068,22.0,62.0,1.8242574299839416,1.3330666516193206,381.0,412.5,1.0,4.0
628.0,1.0162604951734298,0.0500732919405921,44.0,97.0,1.9693518831179135,1.5221236147020658,26.0,405.0,1.0,9.0
315.0,1.808918106235267,0.0761381220062429,45.0,59.0,1.9943197331394384,1.830310376920918,302.0,395.0,8.0,2.0
553.0,0.7529776793739673,0.0844730952552703,52.0,55.0,1.3028931733038114,1.2683894166852068,389.5,447.0,0.0,9.0
332.0,1.595495491343203,0.0075336105061928,26.0,21.0,1.074877902947926,1.7506858480086742,288.0,487.5,0.0,0.0
829.0,0.3720197925407746,0.069983999740635,43.0,85.0,1.733786987806083,1.5803318269199236,429.5,307.0,0.0,8.0
697.0,3.168661217620776,0.0141049275906134,36.0,20.0,1.1894965609455177,1.80349823219459,383.5,281.5,0.0,7.0
754.0,2.1570355545411903,0.0579496203333567,18.0,74.0,1.4233358142201638,1.3111065802985002,164.5,441.5,1.0,0.0
460.0,3.0395080852690577,0.0422734992913827,36.0,8.0,1.874453206893332,1.7741439535223842,390.5,431.5,9.0,10.0
373.0,0.7698667906982051,0.0695396324134502,16.0,30.0,1.3265124159502102,1.935926625057064,110.0,234.0,0.0,7.0
604.0,2.249924696787263,0.0517691864552438,58.0,99.0,1.3893018143454074,1.294436686863407,469.0,93.5,5.0,10.0
522.0,1.0172373578747125,0.0831411023455766,29.0,44.0,1.9617341155636356,1.311339356545553,287.5,373.5,6.0,0.0
244.0,3.618571328446869,0.0161071150545644,18.0,53.0,1.129303479680862,1.2442641984431506,290.5,362.5,3.0,5.0
996.0,3.610035156038117,0.0893781033737116,60.0,33.0,1.666852952798732,1.0345392138815677,135.5,4.0,8.0,0.0
382.0,0.193096373924583,0.0490790471324415,49.0,88.0,1.3804056429643947,1.572241834379992,395.0,141.5,8.0,1.0
582.0,3.442303387261968,0.0378882855540112,38.0,77.0,1.724691566572221,1.2225158071609878,382.5,99.0,8.0,10.0
539.0,2.0120653852951254,0.0460531869821506,29.0,97.0,1.9465346446540224,1.0531467076184824,11.5,439.5,6.0,10.0
497.0,1.6852253203227,0.0381285813925532,10.0,63.0,1.734361582366509,1.408094118784404,141.5,363.5,5.0,1.0
678.0,3.667235023978217,0.0845338588366068,11.0,100.0,1.2838391756944485,1.1733838006092343,75.0,166.0,0.0,1.0
552.0,1.413822825279084,0.0133669687279658,42.0,60.0,1.1331103129576476,1.2639317331865612,214.5,365.5,6.0,9.0
591.0,0.5576259926096081,0.0718945307952706,51.0,99.0,1.8099461820574865,1.7086594893639997,175.0,299.0,7.0,8.0
918.0,3.136467749239351,0.0102303786975547,38.0,63.0,1.94210342703336,1.5575901523989488,100.5,247.0,7.0,3.0
361.0,0.1387237636661078,0.0975298217858856,60.0,43.0,1.1280249167833325,1.3502839826547577,254.0,174.0,9.0,10.0
519.0,2.847377244380367,0.0581574650243806,15.0,20.0,1.5474545329277043,1.517990438157629,40.5,415.5,7.0,4.0
700.0,0.5331280795282658,0.0257243914755691,18.0,91.0,1.9637185535627677,1.1666720487163498,457.5,52.0,5.0,9.0
315.0,0.52340866761373,0.0597260890246121,21.0,96.0,1.637934367836256,1.7636573867318628,215.5,218.0,3.0,2.0
453.0,2.310492354323704,0.0983742224245277,32.0,37.0,1.955482279570719,1.4438514900101609,260.0,86.0,10.0,3.0
479.0,0.6857895441812962,0.0294417948932853,39.0,79.0,1.0770380776263342,1.578768857146989,292.0,155.0,2.0,9.0
995.0,1.7787205460742608,0.0751778551535591,19.0,12.0,1.657491783040327,1.5990475941458318,445.5,115.5,10.0,8.0
580.0,2.5251054003548274,0.0288148780422933,58.0,55.0,1.6034102698122554,1.6736803858902696,58.0,309.0,1.0,3.0
956.0,3.67965826550804,0.073657617075966,37.0,66.0,1.4830769612685422,1.6435523225528472,226.0,453.5,9.0,10.0
449.0,0.9840546315215272,0.0101344305920708,24.0,24.0,1.5252866931305211,1.1502562234547846,37.5,92.0,8.0,4.0
277.0,2.2468363609902453,0.0317139988741738,46.0,26.0,1.2373569743028665,1.4639149085526029,3.0,456.0,1.0,4.0
473.0,3.8759443834249647,0.0252853073080053,54.0,7.0,1.7524551746206196,1.0315931097875422,511.5,273.5,6.0,4.0
272.0,0.0805441589654947,0.0935127032866188,21.0,10.0,1.000859166864562,1.3337785870143872,482.5,394.5,9.0,0.0
222.0,0.9395526811727164,0.0039055775814196,50.0,18.0,1.0113843764834327,1.8173605818865688,422.5,429.0,6.0,1.0
459.0,1.623170752443507,0.0092672975632181,36.0,29.0,1.0397642675189849,1.5532541845046055,44.0,235.5,10.0,3.0
461.0,0.1051769113273772,0.0050794069230574,17.0,69.0,1.5913428264900098,1.0200017075159562,108.5,66.0,8.0,7.0
619.0,1.2548862974964052,0.0068451375265022,14.0,67.0,1.744563877681391,1.185774894619333,476.0,485.0,5.0,10.0
495.0,1.9183541750265247,0.0816357377295269,44.0,24.0,1.2336401258954504,1.6999519562255894,164.5,116.0,8.0,7.0
513.0,1.5378103108359142,0.0567147719223401,28.0,70.0,1.2758069671347894,1.2161939389673355,267.5,85.5,5.0,10.0
375.0,2.8294010852093208,0.0421538855900127,20.0,79.0,1.0752475383081963,1.8068091885705977,497.5,103.5,10.0,7.0
830.0,2.162092118631175,0.0601019064325871,11.0,30.0,1.9712062269443036,1.752443660431203,138.5,271.5,7.0,6.0
980.0,0.9471436429713362,0.0091637968865372,28.0,18.0,1.7746459218769366,1.7699585809096297,32.0,150.0,3.0,10.0
604.0,3.0111973456466576,0.079640306030213,23.0,90.0,1.6220736111972784,1.5177631086390937,341.0,359.5,7.0,3.0
613.0,1.374587405457989,0.0624435733550728,50.0,26.0,1.2954795197390705,1.9326003832936944,0.5,131.5,7.0,10.0
433.0,0.5525963145404647,0.0881566874438843,52.0,17.0,1.1418000715656371,1.159725639620527,310.5,407.0,9.0,8.0
288.0,0.5633748566206345,0.0849001191119075,20.0,1.0,1.3458149856623107,1.3698181645438678,382.0,471.0,9.0,3.0
391.0,3.979858097408132,0.0166339500338929,50.0,66.0,1.8351835060243469,1.2370944367971792,313.0,78.0,0.0,2.0
920.0,1.2147139429609486,0.0070863678854453,33.0,60.0,1.2920641070765688,1.0356970350248489,461.5,433.0,10.0,3.0
761.0,1.3833272933522194,0.0844851088566627,28.0,10.0,1.927260602592038,1.3929154903850995,19.0,33.0,1.0,8.0
723.0,3.106870427157076,0.062227052616218,55.0,33.0,1.76666720208722,1.6712495194002313,451.5,160.5,5.0,6.0
611.0,2.283102282989648,0.0195500664756289,17.0,44.0,1.5248989815822445,1.4374377938524905,467.5,451.5,6.0,5.0
698.0,0.1694984859492132,0.0483542846767252,16.0,8.0,1.5357707883658778,1.185550486600612,17.5,321.0,9.0,2.0
998.0,0.3423065036236021,0.0582897918829608,12.0,68.0,1.7774890235334184,1.989270833663343,282.5,17.0,0.0,6.0
225.0,3.7479590767396074,0.0852126272817715,10.0,45.0,1.156159376743005,1.1745279722221424,217.0,67.0,5.0,1.0
465.0,3.5653857156622206,0.0807113373398634,19.0,15.0,1.569710952010963,1.7917236990883725,346.0,158.0,5.0,6.0
863.0,0.0413837851074925,0.0280941447155408,15.0,46.0,1.9257596663928676,1.2416241058721895,77.0,42.5,1.0,6.0
446.0,0.3827723258398783,0.005419055457842,46.0,11.0,1.459929967659004,1.262669045835675,178.0,299.5,1.0,7.0
818.0,3.5202106352218405,0.0327833761848906,58.0,63.0,1.2028683766541293,1.8637934183516744,187.0,135.0,1.0,10.0
265.0,0.2928530145469805,0.0888385860612611,29.0,3.0,1.5105400917003298,1.7705082357810789,437.5,166.5,8.0,6.0
778.0,2.4204483921135003,0.0701024548990321,28.0,96.0,1.9161111339627404,1.0088300484683317,468.5,353.5,7.0,9.0
899.0,3.401023881993798,0.0466819314289471,47.0,62.0,1.3705079443980432,1.6565198088764317,150.5,55.5,4.0,5.0
999.0,1.008248846210904,0.0519876873927025,59.0,92.0,1.4177044118253006,1.890673527631045,277.0,129.0,3.0,2.0
580.0,2.5063051701463506,0.0910705150649899,30.0,69.0,1.890196299006148,1.8955173362519824,419.5,134.0,7.0,3.0
243.0,3.712972610034595,0.0558682487020669,32.0,54.0,1.5162849286074436,1.5363023327506622,377.0,305.0,6.0,2.0
875.0,3.8915628571572896,0.0505123775876396,10.0,47.0,1.8840934274996397,1.1829957804036506,273.5,320.0,0.0,7.0
305.0,3.604736142130637,0.0781594419893372,23.0,28.0,1.707255968279788,1.505736252523151,104.0,455.0,8.0,10.0
291.0,1.2568453752810855,0.0929147387993888,38.0,40.0,1.908442781769839,1.1536279257501645,283.0,126.0,7.0,5.0
453.0,3.416050059827847,0.0802468870787251,50.0,97.0,1.2421644068036404,1.3815519083812018,39.5,100.5,4.0,9.0
738.0,3.912683837465549,0.0126647416190612,59.0,53.0,1.171524770340498,1.233597139855509,268.5,91.0,1.0,6.0
701.0,0.2550501944461678,0.086817667423536,46.0,16.0,1.9013834768878923,1.310454028607956,105.5,302.0,4.0,3.0
571.0,2.273854284726266,0.0743163474619644,10.0,49.0,1.6084953683315963,1.3896914391606692,347.5,364.5,7.0,0.0
310.0,1.514391861049746,0.0597862750998119,53.0,75.0,1.3487134205538511,1.0625953689743075,429.5,373.0,6.0,7.0
404.0,1.0815087470751248,0.0435374264141456,39.0,36.0,1.2233285287914455,1.0185640135401732,135.5,462.5,10.0,4.0
752.0,2.444013358057645,0.0621876050931481,23.0,38.0,1.3971982626332276,1.6415781537746728,83.0,472.5,4.0,0.0
934.0,1.3516687302056265,0.0622847384395745,44.0,68.0,1.0854976487832335,1.8433878265602333,441.0,141.0,7.0,6.0
346.0,2.926808775630924,0.0505883709031612,46.0,33.0,1.9740805382765731,1.838664800838261,230.5,506.0,6.0,0.0
371.0,1.3382488105382635,0.0768695277684597,50.0,22.0,1.9228174803768483,1.2586995909682763,292.0,257.0,10.0,7.0
728.0,2.985562606164794,0.0696693450815291,40.0,79.0,1.1504549160051278,1.8641614992328883,254.0,131.0,0.0,7.0
553.0,2.2722431920132595,0.0568442940339164,53.0,65.0,1.9315941096032936,1.2050021197741785,511.0,23.0,8.0,1.0
941.0,2.428632138791856,0.0660113289398138,13.0,48.0,1.7461465934263969,1.099571326812197,110.0,61.0,4.0,5.0
944.0,3.851964155877366,0.0014684452833062,38.0,90.0,1.247584280696158,1.0628152364791277,11.0,83.0,9.0,5.0
371.0,3.4324917663202745,0.0664825175187572,56.0,67.0,1.2710070427952225,1.8002947435604344,44.5,196.5,0.0,7.0
372.0,0.9360708546403343,0.0910219015648043,39.0,87.0,1.59319067892725,1.686206003683138,86.0,7.0,10.0,7.0
576.0,1.1352328908625502,0.0903559468091567,25.0,76.0,1.635331174779204,1.8261686524127103,135.0,292.5,4.0,2.0
686.0,2.6519778718247475,0.0961336402830331,56.0,99.0,1.1680972669246772,1.3254435602103944,78.5,350.0,3.0,0.0
450.0,2.0985702239512767,0.0800719340697854,15.0,30.0,1.7103960554019095,1.8426628513271424,148.0,270.5,3.0,0.0
444.0,1.3888012577669309,0.0083423750316887,22.0,19.0,1.150881641175561,1.521132267491663,483.0,57.0,1.0,6.0
971.0,0.9863982314081108,0.0711729915654765,47.0,72.0,1.272914408123901,1.4326100941061355,380.5,200.0,9.0,5.0
954.0,0.0556545182322469,0.0957652817127319,21.0,67.0,1.0060101354063309,1.1768334833875755,246.0,41.5,9.0,10.0
453.0,0.7209235633336748,0.0132122374457588,39.0,100.0,1.8985334140806247,1.2376477810880306,96.0,191.0,8.0,3.0
986.0,0.5620011961214146,0.0467304078953879,31.0,85.0,1.9461312367364227,1.300428389428722,51.5,2.0,1.0,0.0
454.0,0.8916711393591052,0.0549621442093829,20.0,15.0,1.2024576277858805,1.7531451388863015,507.5,504.0,2.0,6.0
968.0,1.6193618403999754,0.0931666977942375,58.0,13.0,1.4429044048947712,1.6055720149393045,380.0,390.0,1.0,0.0
651.0,0.0180344096415923,0.0720870511417889,41.0,64.0,1.2194326511331657,1.4242316123625536,498.5,384.0,3.0,0.0
890.0,1.511515874457764,0.0046960021150279,41.0,53.0,1.2404453993399396,1.5299181126829866,261.5,200.0,9.0,5.0
1000.0,2.0822682425387966,0.0338759649816206,16.0,75.0,1.4344653684057525,1.9103156199445332,51.0,273.5,3.0,6.0
502.0,1.497226802547532,0.0221016663134748,46.0,8.0,1.949175570099152,1.5440046917130188,191.5,92.0,8.0,5.0
671.0,3.005707862030657,0.0798510162405621,48.0,21.0,1.1350418185978948,1.8385170168123053,239.0,483.5,10.0,9.0
212.0,0.4495954443209431,0.0392837361550742,53.0,61.0,1.9502674871120125,1.5352121459827002,142.5,150.5,0.0,2.0
879.0,0.5601771880355821,0.0502413076233932,38.0,78.0,1.118443702011985,1.6651828571083758,123.0,127.5,4.0,0.0
670.0,1.3385292907800483,0.0478636165738484,14.0,85.0,1.5110840354587411,1.8993031239069549,357.0,140.0,7.0,3.0
309.0,3.991140655165364,0.0821117331635195,18.0,7.0,1.9038170823586644,1.8821871552967664,80.5,280.5,1.0,8.0
427.0,0.9517251630978892,0.0139545787770921,27.0,66.0,1.2659465234450549,1.2931098775875096,202.0,429.0,9.0,10.0
930.0,3.9802420209996736,0.061805838291266,15.0,23.0,1.5579372564644176,1.2547579963442088,381.0,214.5,1.0,9.0
576.0,1.987657866050773,0.0985846500349904,34.0,43.0,1.5822783870167323,1.6286075213123177,436.0,30.0,0.0,7.0
246.0,3.626587357911892,0.0853571972103762,43.0,23.0,1.2704311746972672,1.14548401563786,342.0,19.0,5.0,3.0
264.0,1.594646095582044,0.0209053594104925,35.0,13.0,1.212168098823697,1.3617957394675613,222.0,432.5,2.0,7.0
509.0,2.336915557496872,0.0905955604346522,23.0,6.0,1.778759017623989,1.4419323305085028,352.0,363.5,4.0,10.0
412.0,1.528399935516409,0.0546189307238463,30.0,44.0,1.614967079280316,1.1948254440691537,230.5,327.5,0.0,3.0
712.0,0.8803354575168609,0.0974844432714063,59.0,40.0,1.9809445737781477,1.892622501920372,63.0,97.5,10.0,0.0
481.0,2.159404127175949,0.0827090443523764,34.0,54.0,1.7064480646813165,1.1752945051102626,387.0,182.0,2.0,6.0
759.0,0.9058800982504996,0.0311347833321409,20.0,101.0,1.4171207667417485,1.1243272258478396,473.5,376.5,3.0,4.0
335.0,1.3579624522564635,0.028961808655504,13.0,73.0,1.541987114284875,1.5051081920300189,281.5,62.5,7.0,3.0
896.0,3.72706651123884,0.0647963229186166,34.0,53.0,1.645490650954867,1.7736468043959572,126.0,164.0,6.0,8.0
777.0,0.9184433148419088,0.0728165216433706,47.0,83.0,1.0241961205918324,1.8181713132893167,181.5,172.0,8.0,2.0
840.0,1.8743106605857407,0.0029671907633712,50.0,56.0,1.0689294647174084,1.4278217033551597,106.5,237.0,0.0,2.0
678.0,1.4845734657401732,0.047126883505491,29.0,58.0,1.3382489810302358,1.3661272025772773,224.0,217.5,2.0,4.0
785.0,2.962344142461943,0.0994409563836884,38.0,3.0,1.9547431268673556,1.8311415439219096,186.0,0.0,7.0,6.0
213.0,1.755986735915509,0.079340175584347,18.0,91.0,1.0675870849990474,1.671713768724869,405.0,351.5,4.0,2.0
858.0,3.751508820937966,0.0851350543716168,15.0,10.0,1.320339976799993,1.1898554823944507,199.5,322.0,5.0,1.0
200.0,1.7470581027696288,0.0513223544986865,29.0,26.0,1.38900133235567,1.155916395288966,371.0,412.0,8.0,4.0
902.0,2.410678645467844,0.0705468346122378,30.0,83.0,1.3500087545342008,1.4263068106208574,508.5,216.5,4.0,8.0
734.0,2.7738794170672905,0.0363846257808351,36.0,55.0,1.3405573681985996,1.5929203824624825,79.0,28.0,4.0,9.0
279.0,0.5785802693107227,0.0698353967817229,25.0,28.0,1.720240570892023,1.1002353677505283,338.0,58.0,7.0,0.0
964.0,1.542108773816167,0.0840548206810608,16.0,100.0,1.351638634889066,1.7560301391309825,314.5,386.0,3.0,0.0
653.0,3.625977949955096,0.04053296355162,52.0,76.0,1.42565070902275,1.016098277735056,362.5,423.0,6.0,10.0
993.0,0.8773862121988389,0.0729851324493602,12.0,49.0,1.41896937359456,1.4089206083887786,409.0,391.5,0.0,3.0
818.0,0.2975112621567302,0.0452421068311324,45.0,68.0,1.4714779494175518,1.2028421461740295,61.0,195.0,4.0,9.0
926.0,3.4274893272832045,0.0385996664012829,58.0,36.0,1.6116879072475565,1.239372317922082,471.0,425.5,4.0,2.0
543.0,1.7732705413696248,0.0656172608834866,11.0,95.0,1.1454875254855887,1.0005590427367244,11.0,261.5,5.0,3.0
856.0,0.0549832576801354,0.0656542070410962,27.0,88.0,1.838729411601563,1.620101584138173,236.0,99.0,7.0,8.0
410.0,1.1571127492924194,0.0002473852500064,26.0,80.0,1.7048810091795712,1.0663098785098524,267.5,181.5,3.0,4.0
611.0,0.2758296119737138,0.0493729714053336,12.0,76.0,1.1147842965384338,1.3400258027516911,357.5,318.0,6.0,2.0
660.0,1.8962127939823576,0.0959758100568768,32.0,1.0,1.0042571557297455,1.052117531914053,88.0,386.5,1.0,3.0
913.0,0.9797885872952472,0.0176825284635232,44.0,11.0,1.570982130790775,1.5472887894188632,363.0,174.5,9.0,0.0
884.0,0.9742500257963592,0.0918813271954784,12.0,90.0,1.2954260439205738,1.9494834091499795,13.5,105.0,0.0,10.0
847.0,2.400067936093365,0.0620481027331376,35.0,76.0,1.931889814866893,1.979611294200268,233.5,235.0,1.0,2.0
720.0,1.191969248113717,0.0709824683093021,21.0,86.0,1.2093346941295076,1.1481945118045846,315.5,10.5,5.0,8.0
703.0,0.2544876267601932,0.0219654572901347,31.0,48.0,1.206621605712824,1.9457586422936868,352.0,40.5,6.0,5.0
803.0,0.5601835696076964,0.0108039005758558,36.0,52.0,1.884008676247845,1.9204295278969603,138.0,295.0,5.0,2.0
819.0,2.362842514025497,0.0144845710897397,24.0,83.0,1.7094610257129292,1.786740798602997,8.0,36.0,5.0,8.0
810.0,3.2830927416004245,0.0043673629892478,29.0,55.0,1.342788118569883,1.1457984023722974,283.0,407.0,0.0,1.0
624.0,1.5126794202671054,0.0852397057652137,19.0,58.0,1.9109261194343312,1.7191684434113546,465.0,297.5,1.0,3.0
864.0,2.746597099134093,0.0528095310181737,14.0,29.0,1.524392691258733,1.2549090253533055,296.5,502.5,4.0,6.0
483.0,0.4586337649295569,0.0664018002231831,43.0,58.0,1.2615270773507985,1.886837160255708,322.5,168.5,4.0,2.0
386.0,0.2295380782675233,0.0142077953333376,39.0,36.0,1.2289403731093045,1.1624094171600392,267.0,373.0,10.0,2.0
812.0,1.821950176769645,0.0047835703722612,34.0,19.0,1.5720678307815312,1.1706847409113106,154.5,496.0,2.0,10.0
786.0,2.6774458582191576,0.0496666512246534,19.0,14.0,1.7477510549938788,1.3734007459485025,139.0,414.0,5.0,6.0
784.0,2.528931982315114,0.0817003859883273,27.0,22.0,1.8802640057415587,1.5326756977202631,190.5,328.5,7.0,10.0
277.0,1.187784757857639,0.0479981013192776,57.0,28.0,1.48270613048981,1.6160163010527886,318.0,323.0,0.0,0.0
966.0,2.6344158462325016,0.0286753526686466,37.0,73.0,1.410837870802824,1.72238763263946,214.5,321.5,4.0,8.0
511.0,3.795937643920592,0.0844310880670168,56.0,68.0,1.6135882604888574,1.8497608012578728,21.0,149.5,0.0,4.0
959.0,3.7954205889014574,0.0359635460553262,53.0,92.0,1.436405512573526,1.1047491395917128,196.5,465.0,2.0,0.0
595.0,1.1982835244226924,0.005477596596938,50.0,72.0,1.0710907288713791,1.167467885569372,341.5,106.5,6.0,4.0
737.0,3.427345365360719,0.031065913700633,22.0,52.0,1.941688616283987,1.2295104113486606,418.5,101.5,5.0,9.0
767.0,0.769194558380323,0.0826439281552439,54.0,53.0,1.7293768746196263,1.1059496605617658,426.5,485.5,5.0,9.0
842.0,2.843432145616592,0.0195312297137898,20.0,2.0,1.6822013735863723,1.551913079015803,10.5,139.5,4.0,3.0
851.0,2.6054268758854326,0.0587779345970882,44.0,67.0,1.9295364799172932,1.775188640456011,261.0,246.5,4.0,9.0
286.0,1.2255283198618736,0.0789893098726863,29.0,2.0,1.0900009716845525,1.8304181166740456,47.0,355.5,7.0,5.0
457.0,2.149953552462561,0.0655162614247826,27.0,96.0,1.727850032032899,1.3535398497391902,167.5,218.0,6.0,10.0
926.0,2.6335209267068027,0.034066597670508,56.0,85.0,1.0100836327207514,1.850869260839045,271.5,16.5,3.0,2.0
804.0,1.0177410394122393,0.0129204437373945,37.0,78.0,1.8140303813525485,1.0730361665353223,405.5,12.0,10.0,4.0
797.0,1.08585042405115,0.0546883954899532,25.0,64.0,1.6771593820956432,1.3645523923467988,26.5,167.5,0.0,5.0
495.0,3.70576066480702,0.0345719343370145,48.0,25.0,1.1474761547646717,1.9634517247508876,18.5,260.0,4.0,5.0
592.0,2.2271405885868485,0.0364457933054769,37.0,6.0,1.5128357023227557,1.1435587847916822,475.0,324.5,9.0,7.0
817.0,1.877139369414812,0.0902613108713138,39.0,67.0,1.255732651658643,1.7620303278819196,248.5,236.0,5.0,4.0
811.0,2.54891134729374,0.0279089606483733,55.0,30.0,1.1995945748465298,1.2385750562804012,340.0,109.0,2.0,9.0
200.0,1.3440914234282468,0.0496189343329108,23.0,55.0,1.909247051898836,1.6796249836215098,227.5,306.5,4.0,1.0
504.0,1.8129506643460005,0.0281991242213429,54.0,100.0,1.835973794515284,1.728525963228594,251.5,219.0,7.0,6.0
968.0,3.353763923313112,0.0211596854027583,18.0,18.0,1.6402299231875843,1.6419649015988125,486.0,294.0,6.0,1.0
269.0,0.1848286883033321,0.0933116193750251,40.0,58.0,1.3718791371592256,1.7511168917555098,449.0,336.0,9.0,6.0
940.0,2.927312028787061,0.063039086778842,39.0,48.0,1.2819945127104777,1.7719721769940802,122.0,229.0,0.0,5.0
441.0,0.3097772357208042,0.0453157558830244,54.0,59.0,1.6163518267377932,1.867624205159684,470.5,7.5,9.0,4.0
741.0,2.342987418999446,0.0843326205233575,11.0,46.0,1.9545722525480425,1.0645689846878836,313.5,349.0,6.0,5.0
314.0,1.6365190408919972,0.0222549564267926,40.0,77.0,1.4764800982727828,1.3625871505904217,284.0,11.5,9.0,4.0
349.0,0.1164086473323662,0.0498914329892094,34.0,58.0,1.0623866476520587,1.864266981525681,356.0,149.0,0.0,3.0
365.0,1.0436669521369506,0.0314681648847554,34.0,76.0,1.123094731657969,1.93278576182742,253.5,360.5,9.0,8.0
943.0,2.992504665085386,0.0692620050898871,27.0,22.0,1.6230680245278202,1.9526973523388984,380.0,421.0,9.0,7.0
344.0,3.087824072758265,0.0297452641763474,42.0,38.0,1.5496604526108473,1.2329234723067422,498.5,285.0,9.0,0.0
339.0,3.060794627353197,0.0581043112559685,48.0,93.0,1.5402375815219786,1.123426150781682,53.5,194.5,4.0,7.0
469.0,0.1339447749163866,0.0069411627889829,34.0,39.0,1.2391633010795151,1.4776464631215271,259.0,221.0,2.0,9.0
331.0,3.9229171203681847,0.043466167033817,36.0,46.0,1.96533281690826,1.6568043941433546,129.0,339.0,4.0,5.0
877.0,2.5783012131151954,0.0299171334167771,59.0,61.0,1.8202593076472664,1.6539365765629426,308.0,360.0,9.0,4.0
450.0,1.710300913929789,0.0820767455871372,45.0,31.0,1.6276735452296984,1.0151575681628209,119.5,132.0,2.0,7.0
616.0,0.731323135870503,0.0130934120453947,42.0,49.0,1.3453627843742326,1.5363437393573711,341.0,259.5,10.0,1.0
600.0,0.6102078575881493,0.052555446474035,43.0,37.0,1.1475586378869054,1.3510359180985287,323.0,198.5,5.0,4.0
938.0,3.02847886330131,0.0045101200827091,42.0,4.0,1.187261079197095,1.3986664457227942,426.0,451.5,10.0,2.0
472.0,2.574974600808708,0.0822270766765115,26.0,7.0,1.9100374776065985,1.9836096581403493,347.5,296.5,6.0,3.0
593.0,3.914318152535178,0.049585152479991,51.0,72.0,1.5670554790718834,1.0864003468313723,386.0,73.5,5.0,10.0
798.0,1.1780936273605858,0.0305112563331654,41.0,84.0,1.826841042508049,1.4405568952284395,85.5,275.5,4.0,7.0
762.0,1.077187531470662,0.0677921801370834,48.0,35.0,1.092955087267505,1.4529455834174607,452.0,216.0,4.0,9.0
623.0,3.6316793316758056,0.0700917972147794,52.0,78.0,1.4049748382993696,1.5997995843004285,167.0,48.0,5.0,7.0
769.0,2.7326836112766,0.0389873452949719,18.0,27.0,1.9386286733122355,1.1108559663866635,367.0,241.5,2.0,8.0
575.0,2.314252779096845,0.0849681121478612,53.0,36.0,1.1505151782769385,1.7609925633268688,464.5,249.0,1.0,0.0
745.0,1.371980962013664,0.0797704350765079,57.0,23.0,1.2083202520178022,1.1401689775042518,461.0,458.0,9.0,5.0
569.0,2.761455328463537,0.0637614935380867,43.0,75.0,1.6847695417565731,1.1865943394624114,6.0,147.5,6.0,3.0
276.0,2.4102927464862014,0.08297628478801,21.0,96.0,1.8130701641666729,1.0401214711574882,425.5,40.5,6.0,2.0
547.0,1.6024356733283356,0.0900022014876946,50.0,60.0,1.1116236988418464,1.8195376654608408,99.0,191.5,1.0,6.0
761.0,3.002163801542683,0.0747306729409604,19.0,43.0,1.965572463364516,1.5667400290206914,280.5,375.0,4.0,6.0
599.0,3.393230724710748,0.01043177865755,35.0,29.0,1.9252332039926932,1.008743448892761,39.0,508.0,9.0,1.0
796.0,2.048653722509444,0.0157869323970491,27.0,5.0,1.665662850178963,1.835017282661182,207.5,194.5,6.0,4.0
642.0,0.1553701439731205,0.0222003128663754,14.0,7.0,1.3054327545815996,1.487208045838741,102.0,356.0,2.0,7.0
752.0,0.4575042186817115,0.0169890217225665,42.0,9.0,1.914028211360572,1.641914423582298,445.0,266.5,5.0,4.0
560.0,1.5979202900962877,0.0168760257380697,21.0,90.0,1.6309858780113284,1.5144357427467194,241.0,417.0,4.0,5.0
376.0,0.6191895673414556,0.0155071316696103,24.0,44.0,1.951880977174611,1.8284521519936043,30.0,249.0,0.0,4.0
777.0,3.1297798480501484,0.0738825102093961,57.0,68.0,1.5831718497829166,1.352904480863756,76.5,385.5,7.0,3.0
937.0,3.795796868855797,0.0742991299996572,55.0,65.0,1.0356065885711034,1.2273155922209689,464.0,85.0,3.0,9.0
895.0,1.5818058435916034,0.078204793454501,31.0,78.0,1.040667466304231,1.5550115853695126,292.0,16.5,5.0,7.0
757.0,2.665073690023391,0.0441415232833992,52.0,26.0,1.6841444036863005,1.4015152848975685,13.5,67.5,3.0,4.0
382.0,2.494732055937728,0.0196265683325511,54.0,44.0,1.2352290060262243,1.217608683024518,69.5,380.0,5.0,10.0
802.0,1.7105159853544478,0.0796447082760609,39.0,11.0,1.2033837349527885,1.1920093589115464,276.5,194.5,0.0,10.0
475.0,2.2384231941525057,0.0414951176993652,48.0,62.0,1.1622648412907526,1.731549381819169,366.5,175.5,8.0,6.0
572.0,1.1491331419660151,0.098030469174206,45.0,24.0,1.2604680549607234,1.8546218642517,321.5,74.5,5.0,4.0
506.0,3.158168004672615,0.0789047324829602,17.0,94.0,1.8854745095894605,1.6186830936706738,310.5,117.0,1.0,6.0
792.0,3.6933047357201225,0.0087432342267488,43.0,83.0,1.1630156509562095,1.068720516142144,432.0,436.5,3.0,8.0
887.0,1.408332586196865,0.0957883513376339,15.0,60.0,1.2633012120751492,1.0775865785642589,415.5,232.5,8.0,1.0
832.0,0.1361719178294973,0.0336872278114075,17.0,38.0,1.7813267055658506,1.7314559815162571,112.5,254.5,7.0,8.0
755.0,0.7815065502252976,0.0610576920522091,38.0,91.0,1.9027710918998224,1.2669872810293117,163.0,376.0,3.0,7.0
487.0,0.9948100809366598,0.093964743199175,24.0,74.0,1.4143151255470223,1.8960615271321333,238.0,282.0,0.0,7.0
540.0,1.8660916597212287,0.0431940723412291,32.0,55.0,1.0095435468441685,1.6687603579548465,73.5,22.5,3.0,10.0
375.0,1.056364818337674,0.0508976019620944,56.0,28.0,1.3547464481988267,1.4652015155264089,192.5,261.5,6.0,7.0
586.0,0.1986321187628688,0.0363815535735323,43.0,29.0,1.7680349339911037,1.1908345402324132,212.5,404.0,7.0,8.0
530.0,1.4518147484320258,0.08813634909073,22.0,11.0,1.7851750461931033,1.032228031152169,117.0,123.5,3.0,10.0
536.0,3.932855666305112,0.0959247535477346,60.0,8.0,1.000402774680544,1.6269890530143345,253.5,275.5,4.0,1.0
547.0,1.2647004571443476,0.0328359893776966,56.0,80.0,1.6535285118385574,1.6279758874948964,82.0,73.0,8.0,10.0
781.0,1.0269707042717906,0.0742415437974916,41.0,33.0,1.3608129483396616,1.4150026074132485,215.5,312.0,8.0,5.0
748.0,2.9910910527819885,0.0602971672337627,33.0,17.0,1.8974872279261996,1.1721299733013766,466.5,271.5,8.0,2.0
715.0,2.37836062049744,0.0418158549891013,18.0,65.0,1.5839807002140616,1.9311720466859443,373.5,62.5,5.0,4.0
501.0,3.0301047058492494,0.0155124884523478,45.0,28.0,1.313990624062932,1.97183381574908,102.5,113.0,8.0,9.0
296.0,3.977529666698171,0.0318222475029414,45.0,12.0,1.886910709906974,1.9411320224890765,8.5,197.5,1.0,10.0
811.0,0.858894178818232,0.0075787180276957,26.0,63.0,1.2526952362580317,1.2779547970179457,54.5,394.5,2.0,1.0
886.0,1.5207853227294112,0.0028885031681147,41.0,12.0,1.7487474578879565,1.1973818692023142,127.5,62.5,5.0,1.0
324.0,3.318337926855715,0.0323033953508271,49.0,67.0,1.127442672998693,1.4751323395006506,497.0,88.5,2.0,1.0
322.0,1.2733470820986348,0.0117783328601358,38.0,17.0,1.3613973480850308,1.852956007321003,229.0,185.0,1.0,10.0
668.0,1.92780860521328,0.0801707450723207,19.0,4.0,1.7065174415637243,1.0509428052021397,257.0,397.0,8.0,6.0
392.0,2.294412858311117,0.0942460553369194,53.0,32.0,1.971178591398836,1.2575088766110112,418.5,205.0,0.0,8.0
633.0,2.199087427278189,0.0832008208780438,56.0,18.0,1.2213463275776142,1.3855116735678037,99.5,114.5,4.0,5.0
461.0,1.641023993667316,0.0851524829545163,20.0,93.0,1.7450619309595172,1.917213211326536,17.5,181.5,9.0,8.0
210.0,0.8966760293122751,0.0263112624129153,28.0,18.0,1.7371136988516676,1.074240393636432,300.0,388.5,4.0,8.0
484.0,2.727443517131209,0.0702240434696392,33.0,53.0,1.2955796522406664,1.1086795903956457,375.5,68.0,2.0,0.0
998.0,2.5568651552611144,0.0485610417753206,14.0,27.0,1.6971696504675369,1.5362015120485777,353.0,41.5,2.0,7.0
962.0,2.1590471845201376,0.0361880355600518,29.0,70.0,1.436352027128936,1.3974145627406012,121.5,235.5,6.0,7.0
590.0,3.530012501066125,0.0679087691126701,27.0,49.0,1.9823307700392816,1.0586388230545123,328.5,350.5,7.0,6.0
328.0,3.731734057894211,0.0183876950839994,56.0,92.0,1.8311648802916527,1.3144596004627345,97.0,441.5,7.0,2.0
262.0,1.2009461212825876,0.0099903604804881,59.0,41.0,1.4731727611120171,1.8758784897798724,440.0,44.5,0.0,10.0
325.0,3.376972177419601,0.030631741824379,39.0,8.0,1.7486468195705624,1.6964603699091343,411.0,478.0,1.0,6.0
540.0,2.926410444965694,0.0361119326014502,51.0,46.0,1.2664971622536945,1.7081744409883877,3.0,488.0,5.0,0.0
913.0,3.793414410937662,0.0650459427461239,32.0,60.0,1.092777532255918,1.4880091443166794,268.0,190.5,9.0,4.0
898.0,0.3664104323182555,0.0617816348861402,57.0,78.0,1.035441932313427,1.983728560576065,448.0,110.0,10.0,8.0
454.0,2.1165283990976107,0.0916196061625259,12.0,41.0,1.7023235057088768,1.672257242499399,254.0,448.0,4.0,0.0
418.0,2.641926903440671,0.0455544546947902,60.0,93.0,1.5372092068969407,1.9345213824210887,49.5,37.0,8.0,9.0
906.0,2.657962830220681,0.0464285537722157,27.0,42.0,1.4113468959678517,1.340440309066039,81.5,276.5,2.0,3.0
453.0,0.498804785261663,0.0928699548357711,37.0,96.0,1.7899848638777505,1.6316833490362264,108.5,485.5,7.0,4.0
419.0,3.137194557143548,0.0783513602714903,55.0,89.0,1.5773519040487436,1.9348342451710343,171.0,212.0,4.0,2.0
849.0,3.452099079843153,0.094265091698579,53.0,101.0,1.6979575859134983,1.9528962635884877,0.5,77.5,0.0,6.0
449.0,0.8872015712199048,0.0539648117483313,57.0,47.0,1.904683270777712,1.3232733011690534,74.0,99.5,5.0,4.0
411.0,3.630222638971055,0.0968640868514381,38.0,6.0,1.1911757000642549,1.1606661543831471,230.5,209.0,6.0,2.0
875.0,3.4908747496237527,0.0593361377945953,26.0,90.0,1.7851156431908983,1.397545521535768,108.0,401.5,5.0,4.0
445.0,3.88631515007504,0.0828803610706402,20.0,93.0,1.4701109156240326,1.7384910415688029,194.5,428.0,6.0,7.0
501.0,3.999529525996576,0.0830281591564299,60.0,66.0,1.8948277150205937,1.0624022015213652,322.5,384.0,9.0,8.0
928.0,0.3585011546785961,0.0105938634012067,45.0,36.0,1.3511674968683272,1.3916356025018994,277.5,214.5,9.0,7.0
255.0,0.0569579463199563,0.0021756436472296,47.0,34.0,1.648755781534503,1.6499696184557604,182.5,147.0,8.0,3.0
860.0,3.439331718829779,0.0293224464028629,13.0,31.0,1.7666262423301204,1.0631573217786854,75.0,93.0,7.0,2.0
738.0,2.4187596282550547,0.0680390493577604,44.0,89.0,1.5565692295325295,1.231276224685467,38.0,69.0,6.0,10.0
753.0,3.478034412204206,0.0925414824717525,12.0,68.0,1.9256081335506103,1.1613507209138856,10.0,425.5,6.0,8.0
446.0,2.0619390539648887,0.0935002890386271,46.0,96.0,1.1586627293040328,1.573732788184008,150.0,482.0,8.0,10.0
716.0,0.0086775934809821,0.0858543597131263,36.0,47.0,1.544695801542322,1.097647750993512,428.0,412.0,6.0,1.0
943.0,0.8939053901935279,0.084140127030367,35.0,89.0,1.3696682403943266,1.7002244523651455,35.0,353.0,8.0,7.0
996.0,3.034665019817026,0.020244310533706,43.0,56.0,1.0070180056441838,1.2884792269736989,125.5,118.5,7.0,4.0
918.0,3.715551796237397,0.0409411723131933,27.0,1.0,1.475464899683323,1.8474795046436412,122.0,510.0,9.0,5.0
379.0,2.3510013182450056,0.0962384298436661,16.0,3.0,1.2394986467770317,1.1562932857355712,80.5,412.0,10.0,4.0
808.0,1.7148431768226566,0.0859120102735546,41.0,89.0,1.4191118219001373,1.57285566652314,340.0,33.5,10.0,6.0
462.0,0.4394562806872959,0.0889252157463957,20.0,87.0,1.9401445706773872,1.405290118235436,202.5,144.0,2.0,5.0
854.0,1.7160839365276224,0.0724298820656289,14.0,54.0,1.3749317381060182,1.6080363963919528,174.0,352.5,5.0,7.0
419.0,3.309736019694222,0.0041421806939327,11.0,84.0,1.6465652528324846,1.5654570700753452,177.0,339.5,10.0,5.0
939.0,1.225557257559493,0.0184570766041469,17.0,38.0,1.1867007848095388,1.554479694610274,457.0,40.5,1.0,4.0
904.0,2.411043850244557,0.0324067682680625,14.0,25.0,1.5668325003298444,1.9868739647530556,203.5,25.0,7.0,2.0
650.0,3.71911766021556,0.0609570395590677,51.0,68.0,1.631025997317416,1.0155817645300589,119.5,372.0,10.0,9.0
916.0,2.975171419189736,0.0313976128001608,22.0,2.0,1.7009435776595794,1.566054476400247,241.5,163.5,10.0,3.0
580.0,2.394826358794455,0.0342100326279088,59.0,12.0,1.2853843124410351,1.660211865362052,65.0,271.0,8.0,5.0
396.0,0.9047840107250966,0.0734375721315523,27.0,94.0,1.2903490378024778,1.4432311786442673,275.5,403.0,2.0,10.0
733.0,0.7155370838911046,0.0433740448609834,10.0,10.0,1.491564774751298,1.91531248296103,452.5,38.0,1.0,0.0
719.0,0.2285673477515808,0.0805427501379222,58.0,28.0,1.064583378415603,1.6999469694725635,393.5,306.5,7.0,6.0
947.0,2.56563709341075,0.0352056429403045,55.0,15.0,1.3253397891893388,1.6422412564917082,9.0,314.5,2.0,4.0
657.0,0.620954219864283,0.0409364716859873,22.0,66.0,1.7589328394401034,1.608118908205475,250.5,18.5,8.0,2.0
592.0,3.6571334252002834,0.0052961248185301,31.0,48.0,1.8467485190836803,1.5238953503160309,402.0,357.0,4.0,10.0
927.0,2.6276364945900355,0.0564819576244621,33.0,22.0,1.5480341262371695,1.3586250972016307,54.5,453.5,4.0,5.0
914.0,2.53400646338085,0.0536705149302944,41.0,14.0,1.7761520799162949,1.7594535454842646,426.5,222.0,5.0,3.0
339.0,2.7604457514443888,0.0130152085711745,35.0,63.0,1.5333468206442775,1.8424859065092036,210.0,285.0,0.0,9.0
828.0,0.4100000616791681,0.0497797040788093,22.0,18.0,1.125328991210599,1.463798045479423,310.0,302.0,7.0,9.0
665.0,2.792846656085127,0.0698384453353824,19.0,94.0,1.1573771662748218,1.9667206889299191,35.5,314.5,6.0,7.0
322.0,2.629634138573796,0.0159348060216425,59.0,66.0,1.4995844279540258,1.740189120410487,395.5,94.5,5.0,2.0
267.0,3.0078867509504392,0.0581213253116265,49.0,79.0,1.5396983685451224,1.7310791548424054,36.5,94.0,2.0,5.0
708.0,3.829966873601377,0.0805658007124261,45.0,89.0,1.2694190528452678,1.3882952731546976,294.5,477.0,4.0,2.0
978.0,3.010334686712724,0.0577002572028021,33.0,82.0,1.6684454470327088,1.3796190679685945,42.0,103.5,4.0,5.0
451.0,2.590884258168938,0.0225061414304453,49.0,69.0,1.180073907218826,1.0292251317131424,3.5,134.0,7.0,6.0
307.0,2.5494253356466525,0.0928247785576945,11.0,39.0,1.3200295033868148,1.920038893658904,300.5,229.0,8.0,3.0
705.0,0.2750562033076353,0.0247328324331102,60.0,41.0,1.310973558887352,1.4793222922376037,294.5,182.5,10.0,0.0
414.0,1.5415916450601612,0.0195060314391112,35.0,34.0,1.6458107739606778,1.2546860551588943,364.5,182.5,9.0,0.0
529.0,2.1509859903231017,0.0380591781294955,42.0,92.0,1.0257479463026833,1.3215447971066965,194.0,0.5,9.0,2.0
558.0,1.230754195695344,0.0364416136072162,41.0,14.0,1.6709622067946168,1.47965103224635,232.0,358.5,6.0,3.0
368.0,2.911655441459932,0.0129075911425217,34.0,61.0,1.6102158917235858,1.380995154488041,416.0,463.5,10.0,0.0
837.0,1.0416261061674348,0.008668014431542,34.0,84.0,1.8539574219003023,1.939353480471876,375.0,83.5,7.0,3.0
483.0,3.54788287517324,0.0398607753705732,51.0,19.0,1.5948866937075867,1.1405255637919178,242.0,61.5,2.0,4.0
589.0,3.631719241168792,0.0548706980236411,30.0,77.0,1.7812707180515348,1.9190463965853808,251.0,149.0,7.0,9.0
303.0,3.2234811891731785,0.0956116634712923,25.0,3.0,1.5374296418521205,1.4464415227601224,366.0,355.0,5.0,6.0
252.0,0.4363698393595712,0.048012721964588,46.0,80.0,1.043259983511896,1.119697660288982,504.0,349.0,9.0,5.0
830.0,2.9962975031974697,0.0075247042614096,49.0,50.0,1.9520368002534911,1.872656018398667,405.5,391.0,3.0,9.0
238.0,2.9465646650036743,0.0352355861177326,55.0,28.0,1.0452988881845546,1.3475273477624503,58.0,434.0,3.0,6.0
515.0,1.7566927649943174,0.0212122542350843,37.0,24.0,1.258075297836435,1.0122348426875682,490.0,361.5,6.0,10.0
704.0,3.182005193004436,0.0024423077067989,31.0,29.0,1.097117626927555,1.0630558743089318,270.5,220.0,10.0,9.0
679.0,1.3047307751889354,0.0589428391042973,41.0,73.0,1.2266919794318287,1.2831442789418712,412.0,90.5,9.0,8.0
970.0,1.471576378460942,0.04617581945174,13.0,19.0,1.786743882197389,1.058178387315638,116.5,443.0,4.0,9.0
873.0,1.2137469706830886,0.0531768291980082,58.0,10.0,1.8331596357202349,1.0051618865704133,477.0,19.0,0.0,9.0
220.0,3.743701097355364,0.029683909359376,44.0,20.0,1.6733264820057754,1.1082879900006462,64.5,27.5,6.0,1.0
816.0,1.0332770243435565,0.0706522453547358,52.0,14.0,1.2479398299806892,1.291387562658167,512.0,28.0,8.0,3.0
831.0,3.641984472729018,0.0853025375794696,22.0,80.0,1.1835771018630528,1.5525480682420234,388.0,87.5,4.0,9.0
809.0,2.054184365878708,0.0045675278306111,43.0,74.0,1.572523163436682,1.2961609873024873,28.0,322.5,4.0,3.0
282.0,2.146275232185738,0.0081131130116731,46.0,32.0,1.1325991368820945,1.288779620968569,230.0,225.0,7.0,3.0
580.0,3.644313957015572,0.0087721638323355,49.0,43.0,1.6743960142418732,1.378948377729399,473.5,174.5,1.0,0.0
561.0,2.766705044667656,0.009722589588122,16.0,29.0,1.712359332774223,1.2364090692345235,237.5,212.0,9.0,4.0
737.0,0.9348361437333352,0.0113584472126116,23.0,62.0,1.697006626122612,1.746897504089521,17.5,239.0,8.0,6.0
747.0,3.392930223249464,0.0958733832374049,10.0,33.0,1.3366516950752765,1.6733801563095048,54.0,110.5,10.0,9.0
669.0,3.51147161495604,0.0031846480408982,28.0,75.0,1.128372369423576,1.3483892327332403,451.0,29.0,10.0,3.0
592.0,0.5534710345288705,0.0321510114315638,43.0,33.0,1.730310296287079,1.768958501166348,370.5,305.5,3.0,6.0
402.0,3.277828063208348,0.0447870840922821,41.0,79.0,1.4279945142285082,1.0427491237492874,65.5,440.0,7.0,5.0
416.0,2.290226596490142,0.0439113566949073,23.0,43.0,1.710636578724008,1.9196928692767083,239.0,504.0,8.0,7.0
219.0,3.205174342819168,0.0418001445875383,10.0,68.0,1.1092510461315164,1.9210945622623523,154.5,67.0,2.0,3.0
975.0,2.357152532085351,0.0945096653338112,46.0,48.0,1.242468158202673,1.3195734613643273,48.0,330.5,6.0,3.0
919.0,0.87052578913277,0.0575691092174508,46.0,59.0,1.828014662345786,1.9606788269205169,107.5,347.0,10.0,4.0
500.0,1.3325632083704675,0.0412648728077201,29.0,92.0,1.2844283164593246,1.691305642843696,81.5,248.5,6.0,0.0
439.0,2.472394764544666,0.0210219639239892,31.0,68.0,1.4151384159700702,1.3199506828631011,137.0,282.0,5.0,8.0
432.0,3.602335678721728,0.0997267389958238,19.0,39.0,1.940364510183936,1.7534963919378712,277.5,295.0,7.0,3.0
867.0,1.9598459714428615,0.0988685229089043,26.0,74.0,1.318357540772782,1.246959357981558,255.0,510.0,2.0,4.0
612.0,1.8754302846327748,0.0121686685191078,23.0,19.0,1.2465680961247425,1.409288836309598,336.5,229.5,9.0,0.0
633.0,1.5686355729719454,0.0290092095079903,53.0,69.0,1.9897565277240608,1.9416966879335007,159.0,245.0,0.0,2.0
468.0,1.211830365613543,0.0719534157039027,39.0,72.0,1.0029155130283334,1.6131783572534646,307.5,499.0,9.0,0.0
558.0,3.818827083204072,0.0338931394084881,38.0,49.0,1.6138566923091753,1.6574879300523335,260.0,166.0,3.0,5.0
500.0,3.378901321297918,0.0647479020264992,52.0,64.0,1.8749824528772363,1.7913336069189971,26.5,160.0,4.0,10.0
473.0,3.1914127917694355,0.0150231506355584,19.0,17.0,1.6969282556607532,1.6423898510384602,391.5,17.5,9.0,2.0
650.0,1.569202991775489,0.0454822084543926,47.0,93.0,1.87301488136735,1.961496191351488,456.0,379.5,4.0,8.0
859.0,3.3571860036141974,0.0009169019121759,52.0,43.0,1.8383967131711505,1.7592548518851414,416.0,366.5,5.0,3.0
310.0,1.7002496355788193,0.0862231607205468,24.0,57.0,1.630500697824146,1.0230798902460607,488.0,461.0,4.0,1.0
637.0,1.1655226230596192,0.0389503000628969,50.0,59.0,1.4358835681407314,1.533630894209057,314.0,252.5,8.0,1.0
950.0,2.873982801274025,0.0929190765763973,35.0,78.0,1.1093029130086,1.0321671641698569,151.0,493.5,4.0,3.0
674.0,3.8244507309206215,0.066668610045593,44.0,57.0,1.6709179793707392,1.443428271175308,5.0,294.0,4.0,7.0
419.0,2.2870948156559825,0.0306392357290847,10.0,61.0,1.9723247160121176,1.2786242944454786,126.0,15.0,4.0,10.0
648.0,1.0828364375816817,0.0830459917655054,45.0,55.0,1.8739465691164996,1.021516375910255,177.0,325.0,2.0,4.0
